run_id,backbone,benchmark,data_fraction,seed,status,train_yaml,eval_script,num_gpus,metric_keys,overrides
bb-R0__libero_plus__s0,R0,libero_plus,1,0,planned,examples/simBenchmarks/LIBERO-plus/train_files/starvla_libero_plus.yaml,examples/simBenchmarks/LIBERO-plus/eval_files/run_eval.sh,8,"success_rate,camera,robot,language,light,background,noise,layout","{""datasets.vla_data.per_device_batch_size"": ""16"", ""framework.name"": ""QwenOFT"", ""framework.qwenvl.base_vlm"": ""Qwen/Qwen3-VL-4B-Instruct"", ""run_id"": ""bb-R0__libero_plus__s0"", ""run_root_dir"": ""playground/Checkpoints/backbone_bench"", ""seed"": ""0"", ""trainer.freeze_modules"": """", ""trainer.learning_rate.action_model"": ""0.0001"", ""trainer.learning_rate.qwen_vl_interface"": ""1e-05"", ""trainer.max_train_steps"": ""30000""}"
bb-R0__libero_plus__s1,R0,libero_plus,1,1,planned,examples/simBenchmarks/LIBERO-plus/train_files/starvla_libero_plus.yaml,examples/simBenchmarks/LIBERO-plus/eval_files/run_eval.sh,8,"success_rate,camera,robot,language,light,background,noise,layout","{""datasets.vla_data.per_device_batch_size"": ""16"", ""framework.name"": ""QwenOFT"", ""framework.qwenvl.base_vlm"": ""Qwen/Qwen3-VL-4B-Instruct"", ""run_id"": ""bb-R0__libero_plus__s1"", ""run_root_dir"": ""playground/Checkpoints/backbone_bench"", ""seed"": ""1"", ""trainer.freeze_modules"": """", ""trainer.learning_rate.action_model"": ""0.0001"", ""trainer.learning_rate.qwen_vl_interface"": ""1e-05"", ""trainer.max_train_steps"": ""30000""}"
bb-R0__libero_plus__s2,R0,libero_plus,1,2,planned,examples/simBenchmarks/LIBERO-plus/train_files/starvla_libero_plus.yaml,examples/simBenchmarks/LIBERO-plus/eval_files/run_eval.sh,8,"success_rate,camera,robot,language,light,background,noise,layout","{""datasets.vla_data.per_device_batch_size"": ""16"", ""framework.name"": ""QwenOFT"", ""framework.qwenvl.base_vlm"": ""Qwen/Qwen3-VL-4B-Instruct"", ""run_id"": ""bb-R0__libero_plus__s2"", ""run_root_dir"": ""playground/Checkpoints/backbone_bench"", ""seed"": ""2"", ""trainer.freeze_modules"": """", ""trainer.learning_rate.action_model"": ""0.0001"", ""trainer.learning_rate.qwen_vl_interface"": ""1e-05"", ""trainer.max_train_steps"": ""30000""}"
bb-R1__libero_plus__s0,R1,libero_plus,1,0,planned,examples/simBenchmarks/LIBERO-plus/train_files/starvla_libero_plus.yaml,examples/simBenchmarks/LIBERO-plus/eval_files/run_eval.sh,8,"success_rate,camera,robot,language,light,background,noise,layout","{""datasets.vla_data.per_device_batch_size"": ""16"", ""framework.name"": ""QwenOFT"", ""run_id"": ""bb-R1__libero_plus__s0"", ""run_root_dir"": ""playground/Checkpoints/backbone_bench"", ""seed"": ""0"", ""trainer.freeze_modules"": """", ""trainer.learning_rate.action_model"": ""0.0001"", ""trainer.learning_rate.qwen_vl_interface"": ""1e-05"", ""trainer.max_train_steps"": ""30000"", ""trainer.pretrained_checkpoint"": ""playground/Checkpoints/pretrain_R1/checkpoints/steps_100000_pytorch_model.pt"", ""trainer.reload_modules"": ""qwen_vl_interface""}"
bb-R1__libero_plus__s1,R1,libero_plus,1,1,planned,examples/simBenchmarks/LIBERO-plus/train_files/starvla_libero_plus.yaml,examples/simBenchmarks/LIBERO-plus/eval_files/run_eval.sh,8,"success_rate,camera,robot,language,light,background,noise,layout","{""datasets.vla_data.per_device_batch_size"": ""16"", ""framework.name"": ""QwenOFT"", ""run_id"": ""bb-R1__libero_plus__s1"", ""run_root_dir"": ""playground/Checkpoints/backbone_bench"", ""seed"": ""1"", ""trainer.freeze_modules"": """", ""trainer.learning_rate.action_model"": ""0.0001"", ""trainer.learning_rate.qwen_vl_interface"": ""1e-05"", ""trainer.max_train_steps"": ""30000"", ""trainer.pretrained_checkpoint"": ""playground/Checkpoints/pretrain_R1/checkpoints/steps_100000_pytorch_model.pt"", ""trainer.reload_modules"": ""qwen_vl_interface""}"
bb-R1__libero_plus__s2,R1,libero_plus,1,2,planned,examples/simBenchmarks/LIBERO-plus/train_files/starvla_libero_plus.yaml,examples/simBenchmarks/LIBERO-plus/eval_files/run_eval.sh,8,"success_rate,camera,robot,language,light,background,noise,layout","{""datasets.vla_data.per_device_batch_size"": ""16"", ""framework.name"": ""QwenOFT"", ""run_id"": ""bb-R1__libero_plus__s2"", ""run_root_dir"": ""playground/Checkpoints/backbone_bench"", ""seed"": ""2"", ""trainer.freeze_modules"": """", ""trainer.learning_rate.action_model"": ""0.0001"", ""trainer.learning_rate.qwen_vl_interface"": ""1e-05"", ""trainer.max_train_steps"": ""30000"", ""trainer.pretrained_checkpoint"": ""playground/Checkpoints/pretrain_R1/checkpoints/steps_100000_pytorch_model.pt"", ""trainer.reload_modules"": ""qwen_vl_interface""}"
bb-R2__libero_plus__s0,R2,libero_plus,1,0,planned,examples/simBenchmarks/LIBERO-plus/train_files/starvla_libero_plus.yaml,examples/simBenchmarks/LIBERO-plus/eval_files/run_eval.sh,8,"success_rate,camera,robot,language,light,background,noise,layout","{""datasets.vla_data.per_device_batch_size"": ""16"", ""framework.name"": ""QwenOFT"", ""run_id"": ""bb-R2__libero_plus__s0"", ""run_root_dir"": ""playground/Checkpoints/backbone_bench"", ""seed"": ""0"", ""trainer.freeze_modules"": """", ""trainer.learning_rate.action_model"": ""0.0001"", ""trainer.learning_rate.qwen_vl_interface"": ""1e-05"", ""trainer.max_train_steps"": ""30000"", ""trainer.pretrained_checkpoint"": ""playground/Checkpoints/pretrain_R2/checkpoints/steps_100000_pytorch_model.pt"", ""trainer.reload_modules"": ""qwen_vl_interface""}"
bb-R2__libero_plus__s1,R2,libero_plus,1,1,planned,examples/simBenchmarks/LIBERO-plus/train_files/starvla_libero_plus.yaml,examples/simBenchmarks/LIBERO-plus/eval_files/run_eval.sh,8,"success_rate,camera,robot,language,light,background,noise,layout","{""datasets.vla_data.per_device_batch_size"": ""16"", ""framework.name"": ""QwenOFT"", ""run_id"": ""bb-R2__libero_plus__s1"", ""run_root_dir"": ""playground/Checkpoints/backbone_bench"", ""seed"": ""1"", ""trainer.freeze_modules"": """", ""trainer.learning_rate.action_model"": ""0.0001"", ""trainer.learning_rate.qwen_vl_interface"": ""1e-05"", ""trainer.max_train_steps"": ""30000"", ""trainer.pretrained_checkpoint"": ""playground/Checkpoints/pretrain_R2/checkpoints/steps_100000_pytorch_model.pt"", ""trainer.reload_modules"": ""qwen_vl_interface""}"
bb-R2__libero_plus__s2,R2,libero_plus,1,2,planned,examples/simBenchmarks/LIBERO-plus/train_files/starvla_libero_plus.yaml,examples/simBenchmarks/LIBERO-plus/eval_files/run_eval.sh,8,"success_rate,camera,robot,language,light,background,noise,layout","{""datasets.vla_data.per_device_batch_size"": ""16"", ""framework.name"": ""QwenOFT"", ""run_id"": ""bb-R2__libero_plus__s2"", ""run_root_dir"": ""playground/Checkpoints/backbone_bench"", ""seed"": ""2"", ""trainer.freeze_modules"": """", ""trainer.learning_rate.action_model"": ""0.0001"", ""trainer.learning_rate.qwen_vl_interface"": ""1e-05"", ""trainer.max_train_steps"": ""30000"", ""trainer.pretrained_checkpoint"": ""playground/Checkpoints/pretrain_R2/checkpoints/steps_100000_pytorch_model.pt"", ""trainer.reload_modules"": ""qwen_vl_interface""}"
bb-R3__libero_plus__s0,R3,libero_plus,1,0,planned,examples/simBenchmarks/LIBERO-plus/train_files/starvla_libero_plus.yaml,examples/simBenchmarks/LIBERO-plus/eval_files/run_eval.sh,8,"success_rate,camera,robot,language,light,background,noise,layout","{""datasets.vla_data.per_device_batch_size"": ""16"", ""framework.name"": ""QwenOFT"", ""run_id"": ""bb-R3__libero_plus__s0"", ""run_root_dir"": ""playground/Checkpoints/backbone_bench"", ""seed"": ""0"", ""trainer.freeze_modules"": """", ""trainer.learning_rate.action_model"": ""0.0001"", ""trainer.learning_rate.qwen_vl_interface"": ""1e-05"", ""trainer.max_train_steps"": ""30000"", ""trainer.pretrained_checkpoint"": ""playground/Checkpoints/pretrain_R3/checkpoints/steps_100000_pytorch_model.pt"", ""trainer.reload_modules"": ""qwen_vl_interface""}"
bb-R3__libero_plus__s1,R3,libero_plus,1,1,planned,examples/simBenchmarks/LIBERO-plus/train_files/starvla_libero_plus.yaml,examples/simBenchmarks/LIBERO-plus/eval_files/run_eval.sh,8,"success_rate,camera,robot,language,light,background,noise,layout","{""datasets.vla_data.per_device_batch_size"": ""16"", ""framework.name"": ""QwenOFT"", ""run_id"": ""bb-R3__libero_plus__s1"", ""run_root_dir"": ""playground/Checkpoints/backbone_bench"", ""seed"": ""1"", ""trainer.freeze_modules"": """", ""trainer.learning_rate.action_model"": ""0.0001"", ""trainer.learning_rate.qwen_vl_interface"": ""1e-05"", ""trainer.max_train_steps"": ""30000"", ""trainer.pretrained_checkpoint"": ""playground/Checkpoints/pretrain_R3/checkpoints/steps_100000_pytorch_model.pt"", ""trainer.reload_modules"": ""qwen_vl_interface""}"
bb-R3__libero_plus__s2,R3,libero_plus,1,2,planned,examples/simBenchmarks/LIBERO-plus/train_files/starvla_libero_plus.yaml,examples/simBenchmarks/LIBERO-plus/eval_files/run_eval.sh,8,"success_rate,camera,robot,language,light,background,noise,layout","{""datasets.vla_data.per_device_batch_size"": ""16"", ""framework.name"": ""QwenOFT"", ""run_id"": ""bb-R3__libero_plus__s2"", ""run_root_dir"": ""playground/Checkpoints/backbone_bench"", ""seed"": ""2"", ""trainer.freeze_modules"": """", ""trainer.learning_rate.action_model"": ""0.0001"", ""trainer.learning_rate.qwen_vl_interface"": ""1e-05"", ""trainer.max_train_steps"": ""30000"", ""trainer.pretrained_checkpoint"": ""playground/Checkpoints/pretrain_R3/checkpoints/steps_100000_pytorch_model.pt"", ""trainer.reload_modules"": ""qwen_vl_interface""}"
bb-R4__libero_plus__s0,R4,libero_plus,1,0,planned,examples/simBenchmarks/LIBERO-plus/train_files/starvla_libero_plus.yaml,examples/simBenchmarks/LIBERO-plus/eval_files/run_eval.sh,8,"success_rate,camera,robot,language,light,background,noise,layout","{""datasets.vla_data.per_device_batch_size"": ""16"", ""framework.name"": ""QwenOFT"", ""run_id"": ""bb-R4__libero_plus__s0"", ""run_root_dir"": ""playground/Checkpoints/backbone_bench"", ""seed"": ""0"", ""trainer.freeze_modules"": """", ""trainer.learning_rate.action_model"": ""0.0001"", ""trainer.learning_rate.qwen_vl_interface"": ""1e-05"", ""trainer.max_train_steps"": ""30000"", ""trainer.pretrained_checkpoint"": ""playground/Checkpoints/pretrain_R4/checkpoints/steps_100000_pytorch_model.pt"", ""trainer.reload_modules"": ""qwen_vl_interface""}"
bb-R4__libero_plus__s1,R4,libero_plus,1,1,planned,examples/simBenchmarks/LIBERO-plus/train_files/starvla_libero_plus.yaml,examples/simBenchmarks/LIBERO-plus/eval_files/run_eval.sh,8,"success_rate,camera,robot,language,light,background,noise,layout","{""datasets.vla_data.per_device_batch_size"": ""16"", ""framework.name"": ""QwenOFT"", ""run_id"": ""bb-R4__libero_plus__s1"", ""run_root_dir"": ""playground/Checkpoints/backbone_bench"", ""seed"": ""1"", ""trainer.freeze_modules"": """", ""trainer.learning_rate.action_model"": ""0.0001"", ""trainer.learning_rate.qwen_vl_interface"": ""1e-05"", ""trainer.max_train_steps"": ""30000"", ""trainer.pretrained_checkpoint"": ""playground/Checkpoints/pretrain_R4/checkpoints/steps_100000_pytorch_model.pt"", ""trainer.reload_modules"": ""qwen_vl_interface""}"
bb-R4__libero_plus__s2,R4,libero_plus,1,2,planned,examples/simBenchmarks/LIBERO-plus/train_files/starvla_libero_plus.yaml,examples/simBenchmarks/LIBERO-plus/eval_files/run_eval.sh,8,"success_rate,camera,robot,language,light,background,noise,layout","{""datasets.vla_data.per_device_batch_size"": ""16"", ""framework.name"": ""QwenOFT"", ""run_id"": ""bb-R4__libero_plus__s2"", ""run_root_dir"": ""playground/Checkpoints/backbone_bench"", ""seed"": ""2"", ""trainer.freeze_modules"": """", ""trainer.learning_rate.action_model"": ""0.0001"", ""trainer.learning_rate.qwen_vl_interface"": ""1e-05"", ""trainer.max_train_steps"": ""30000"", ""trainer.pretrained_checkpoint"": ""playground/Checkpoints/pretrain_R4/checkpoints/steps_100000_pytorch_model.pt"", ""trainer.reload_modules"": ""qwen_vl_interface""}"
bb-R5__libero_plus__s0,R5,libero_plus,1,0,planned,examples/simBenchmarks/LIBERO-plus/train_files/starvla_libero_plus.yaml,examples/simBenchmarks/LIBERO-plus/eval_files/run_eval.sh,8,"success_rate,camera,robot,language,light,background,noise,layout","{""datasets.vla_data.per_device_batch_size"": ""16"", ""framework.name"": ""QwenOFT"", ""run_id"": ""bb-R5__libero_plus__s0"", ""run_root_dir"": ""playground/Checkpoints/backbone_bench"", ""seed"": ""0"", ""trainer.freeze_modules"": """", ""trainer.learning_rate.action_model"": ""0.0001"", ""trainer.learning_rate.qwen_vl_interface"": ""1e-05"", ""trainer.max_train_steps"": ""30000"", ""trainer.pretrained_checkpoint"": ""playground/Checkpoints/pretrain_R5/checkpoints/steps_100000_pytorch_model.pt"", ""trainer.reload_modules"": ""qwen_vl_interface""}"
bb-R5__libero_plus__s1,R5,libero_plus,1,1,planned,examples/simBenchmarks/LIBERO-plus/train_files/starvla_libero_plus.yaml,examples/simBenchmarks/LIBERO-plus/eval_files/run_eval.sh,8,"success_rate,camera,robot,language,light,background,noise,layout","{""datasets.vla_data.per_device_batch_size"": ""16"", ""framework.name"": ""QwenOFT"", ""run_id"": ""bb-R5__libero_plus__s1"", ""run_root_dir"": ""playground/Checkpoints/backbone_bench"", ""seed"": ""1"", ""trainer.freeze_modules"": """", ""trainer.learning_rate.action_model"": ""0.0001"", ""trainer.learning_rate.qwen_vl_interface"": ""1e-05"", ""trainer.max_train_steps"": ""30000"", ""trainer.pretrained_checkpoint"": ""playground/Checkpoints/pretrain_R5/checkpoints/steps_100000_pytorch_model.pt"", ""trainer.reload_modules"": ""qwen_vl_interface""}"
bb-R5__libero_plus__s2,R5,libero_plus,1,2,planned,examples/simBenchmarks/LIBERO-plus/train_files/starvla_libero_plus.yaml,examples/simBenchmarks/LIBERO-plus/eval_files/run_eval.sh,8,"success_rate,camera,robot,language,light,background,noise,layout","{""datasets.vla_data.per_device_batch_size"": ""16"", ""framework.name"": ""QwenOFT"", ""run_id"": ""bb-R5__libero_plus__s2"", ""run_root_dir"": ""playground/Checkpoints/backbone_bench"", ""seed"": ""2"", ""trainer.freeze_modules"": """", ""trainer.learning_rate.action_model"": ""0.0001"", ""trainer.learning_rate.qwen_vl_interface"": ""1e-05"", ""trainer.max_train_steps"": ""30000"", ""trainer.pretrained_checkpoint"": ""playground/Checkpoints/pretrain_R5/checkpoints/steps_100000_pytorch_model.pt"", ""trainer.reload_modules"": ""qwen_vl_interface""}"
bb-R6__libero_plus__s0,R6,libero_plus,1,0,planned,examples/simBenchmarks/LIBERO-plus/train_files/starvla_libero_plus.yaml,examples/simBenchmarks/LIBERO-plus/eval_files/run_eval.sh,8,"success_rate,camera,robot,language,light,background,noise,layout","{""datasets.vla_data.per_device_batch_size"": ""16"", ""framework.name"": ""QwenOFT"", ""run_id"": ""bb-R6__libero_plus__s0"", ""run_root_dir"": ""playground/Checkpoints/backbone_bench"", ""seed"": ""0"", ""trainer.freeze_modules"": """", ""trainer.learning_rate.action_model"": ""0.0001"", ""trainer.learning_rate.qwen_vl_interface"": ""1e-05"", ""trainer.max_train_steps"": ""30000"", ""trainer.pretrained_checkpoint"": ""playground/Checkpoints/pretrain_R6/checkpoints/steps_100000_pytorch_model.pt"", ""trainer.reload_modules"": ""qwen_vl_interface""}"
bb-R6__libero_plus__s1,R6,libero_plus,1,1,planned,examples/simBenchmarks/LIBERO-plus/train_files/starvla_libero_plus.yaml,examples/simBenchmarks/LIBERO-plus/eval_files/run_eval.sh,8,"success_rate,camera,robot,language,light,background,noise,layout","{""datasets.vla_data.per_device_batch_size"": ""16"", ""framework.name"": ""QwenOFT"", ""run_id"": ""bb-R6__libero_plus__s1"", ""run_root_dir"": ""playground/Checkpoints/backbone_bench"", ""seed"": ""1"", ""trainer.freeze_modules"": """", ""trainer.learning_rate.action_model"": ""0.0001"", ""trainer.learning_rate.qwen_vl_interface"": ""1e-05"", ""trainer.max_train_steps"": ""30000"", ""trainer.pretrained_checkpoint"": ""playground/Checkpoints/pretrain_R6/checkpoints/steps_100000_pytorch_model.pt"", ""trainer.reload_modules"": ""qwen_vl_interface""}"
bb-R6__libero_plus__s2,R6,libero_plus,1,2,planned,examples/simBenchmarks/LIBERO-plus/train_files/starvla_libero_plus.yaml,examples/simBenchmarks/LIBERO-plus/eval_files/run_eval.sh,8,"success_rate,camera,robot,language,light,background,noise,layout","{""datasets.vla_data.per_device_batch_size"": ""16"", ""framework.name"": ""QwenOFT"", ""run_id"": ""bb-R6__libero_plus__s2"", ""run_root_dir"": ""playground/Checkpoints/backbone_bench"", ""seed"": ""2"", ""trainer.freeze_modules"": """", ""trainer.learning_rate.action_model"": ""0.0001"", ""trainer.learning_rate.qwen_vl_interface"": ""1e-05"", ""trainer.max_train_steps"": ""30000"", ""trainer.pretrained_checkpoint"": ""playground/Checkpoints/pretrain_R6/checkpoints/steps_100000_pytorch_model.pt"", ""trainer.reload_modules"": ""qwen_vl_interface""}"
bb-R7__libero_plus__s0,R7,libero_plus,1,0,planned,examples/simBenchmarks/LIBERO-plus/train_files/starvla_libero_plus.yaml,examples/simBenchmarks/LIBERO-plus/eval_files/run_eval.sh,8,"success_rate,camera,robot,language,light,background,noise,layout","{""datasets.vla_data.per_device_batch_size"": ""16"", ""framework.name"": ""QwenOFT"", ""run_id"": ""bb-R7__libero_plus__s0"", ""run_root_dir"": ""playground/Checkpoints/backbone_bench"", ""seed"": ""0"", ""trainer.freeze_modules"": """", ""trainer.learning_rate.action_model"": ""0.0001"", ""trainer.learning_rate.qwen_vl_interface"": ""1e-05"", ""trainer.max_train_steps"": ""30000"", ""trainer.pretrained_checkpoint"": ""playground/Checkpoints/pretrain_R7/checkpoints/steps_100000_pytorch_model.pt"", ""trainer.reload_modules"": ""qwen_vl_interface""}"
bb-R7__libero_plus__s1,R7,libero_plus,1,1,planned,examples/simBenchmarks/LIBERO-plus/train_files/starvla_libero_plus.yaml,examples/simBenchmarks/LIBERO-plus/eval_files/run_eval.sh,8,"success_rate,camera,robot,language,light,background,noise,layout","{""datasets.vla_data.per_device_batch_size"": ""16"", ""framework.name"": ""QwenOFT"", ""run_id"": ""bb-R7__libero_plus__s1"", ""run_root_dir"": ""playground/Checkpoints/backbone_bench"", ""seed"": ""1"", ""trainer.freeze_modules"": """", ""trainer.learning_rate.action_model"": ""0.0001"", ""trainer.learning_rate.qwen_vl_interface"": ""1e-05"", ""trainer.max_train_steps"": ""30000"", ""trainer.pretrained_checkpoint"": ""playground/Checkpoints/pretrain_R7/checkpoints/steps_100000_pytorch_model.pt"", ""trainer.reload_modules"": ""qwen_vl_interface""}"
bb-R7__libero_plus__s2,R7,libero_plus,1,2,planned,examples/simBenchmarks/LIBERO-plus/train_files/starvla_libero_plus.yaml,examples/simBenchmarks/LIBERO-plus/eval_files/run_eval.sh,8,"success_rate,camera,robot,language,light,background,noise,layout","{""datasets.vla_data.per_device_batch_size"": ""16"", ""framework.name"": ""QwenOFT"", ""run_id"": ""bb-R7__libero_plus__s2"", ""run_root_dir"": ""playground/Checkpoints/backbone_bench"", ""seed"": ""2"", ""trainer.freeze_modules"": """", ""trainer.learning_rate.action_model"": ""0.0001"", ""trainer.learning_rate.qwen_vl_interface"": ""1e-05"", ""trainer.max_train_steps"": ""30000"", ""trainer.pretrained_checkpoint"": ""playground/Checkpoints/pretrain_R7/checkpoints/steps_100000_pytorch_model.pt"", ""trainer.reload_modules"": ""qwen_vl_interface""}"
bb-R8__libero_plus__s0,R8,libero_plus,1,0,planned,examples/simBenchmarks/LIBERO-plus/train_files/starvla_libero_plus.yaml,examples/simBenchmarks/LIBERO-plus/eval_files/run_eval.sh,8,"success_rate,camera,robot,language,light,background,noise,layout","{""datasets.vla_data.per_device_batch_size"": ""16"", ""framework.name"": ""QwenOFT"", ""run_id"": ""bb-R8__libero_plus__s0"", ""run_root_dir"": ""playground/Checkpoints/backbone_bench"", ""seed"": ""0"", ""trainer.freeze_modules"": """", ""trainer.learning_rate.action_model"": ""0.0001"", ""trainer.learning_rate.qwen_vl_interface"": ""1e-05"", ""trainer.max_train_steps"": ""30000"", ""trainer.pretrained_checkpoint"": ""playground/Checkpoints/pretrain_R8/checkpoints/steps_100000_pytorch_model.pt"", ""trainer.reload_modules"": ""qwen_vl_interface""}"
bb-R8__libero_plus__s1,R8,libero_plus,1,1,planned,examples/simBenchmarks/LIBERO-plus/train_files/starvla_libero_plus.yaml,examples/simBenchmarks/LIBERO-plus/eval_files/run_eval.sh,8,"success_rate,camera,robot,language,light,background,noise,layout","{""datasets.vla_data.per_device_batch_size"": ""16"", ""framework.name"": ""QwenOFT"", ""run_id"": ""bb-R8__libero_plus__s1"", ""run_root_dir"": ""playground/Checkpoints/backbone_bench"", ""seed"": ""1"", ""trainer.freeze_modules"": """", ""trainer.learning_rate.action_model"": ""0.0001"", ""trainer.learning_rate.qwen_vl_interface"": ""1e-05"", ""trainer.max_train_steps"": ""30000"", ""trainer.pretrained_checkpoint"": ""playground/Checkpoints/pretrain_R8/checkpoints/steps_100000_pytorch_model.pt"", ""trainer.reload_modules"": ""qwen_vl_interface""}"
bb-R8__libero_plus__s2,R8,libero_plus,1,2,planned,examples/simBenchmarks/LIBERO-plus/train_files/starvla_libero_plus.yaml,examples/simBenchmarks/LIBERO-plus/eval_files/run_eval.sh,8,"success_rate,camera,robot,language,light,background,noise,layout","{""datasets.vla_data.per_device_batch_size"": ""16"", ""framework.name"": ""QwenOFT"", ""run_id"": ""bb-R8__libero_plus__s2"", ""run_root_dir"": ""playground/Checkpoints/backbone_bench"", ""seed"": ""2"", ""trainer.freeze_modules"": """", ""trainer.learning_rate.action_model"": ""0.0001"", ""trainer.learning_rate.qwen_vl_interface"": ""1e-05"", ""trainer.max_train_steps"": ""30000"", ""trainer.pretrained_checkpoint"": ""playground/Checkpoints/pretrain_R8/checkpoints/steps_100000_pytorch_model.pt"", ""trainer.reload_modules"": ""qwen_vl_interface""}"
bb-R0__robotwin_base__s0,R0,robotwin_base,1,0,planned,examples/simBenchmarks/Robotwin/train_files/starvla_robotwin_base.yaml,examples/simBenchmarks/Robotwin/eval_files/run_eval.sh,16,"success_rate_clean,success_rate_random","{""datasets.vla_data.per_device_batch_size"": ""16"", ""framework.name"": ""QwenOFT"", ""framework.qwenvl.base_vlm"": ""Qwen/Qwen3-VL-4B-Instruct"", ""run_id"": ""bb-R0__robotwin_base__s0"", ""run_root_dir"": ""playground/Checkpoints/backbone_bench"", ""seed"": ""0"", ""trainer.freeze_modules"": """", ""trainer.learning_rate.action_model"": ""0.0001"", ""trainer.learning_rate.qwen_vl_interface"": ""1e-05"", ""trainer.max_train_steps"": ""30000""}"
bb-R0__robotwin_base__s1,R0,robotwin_base,1,1,planned,examples/simBenchmarks/Robotwin/train_files/starvla_robotwin_base.yaml,examples/simBenchmarks/Robotwin/eval_files/run_eval.sh,16,"success_rate_clean,success_rate_random","{""datasets.vla_data.per_device_batch_size"": ""16"", ""framework.name"": ""QwenOFT"", ""framework.qwenvl.base_vlm"": ""Qwen/Qwen3-VL-4B-Instruct"", ""run_id"": ""bb-R0__robotwin_base__s1"", ""run_root_dir"": ""playground/Checkpoints/backbone_bench"", ""seed"": ""1"", ""trainer.freeze_modules"": """", ""trainer.learning_rate.action_model"": ""0.0001"", ""trainer.learning_rate.qwen_vl_interface"": ""1e-05"", ""trainer.max_train_steps"": ""30000""}"
bb-R0__robotwin_base__s2,R0,robotwin_base,1,2,planned,examples/simBenchmarks/Robotwin/train_files/starvla_robotwin_base.yaml,examples/simBenchmarks/Robotwin/eval_files/run_eval.sh,16,"success_rate_clean,success_rate_random","{""datasets.vla_data.per_device_batch_size"": ""16"", ""framework.name"": ""QwenOFT"", ""framework.qwenvl.base_vlm"": ""Qwen/Qwen3-VL-4B-Instruct"", ""run_id"": ""bb-R0__robotwin_base__s2"", ""run_root_dir"": ""playground/Checkpoints/backbone_bench"", ""seed"": ""2"", ""trainer.freeze_modules"": """", ""trainer.learning_rate.action_model"": ""0.0001"", ""trainer.learning_rate.qwen_vl_interface"": ""1e-05"", ""trainer.max_train_steps"": ""30000""}"
bb-R1__robotwin_base__s0,R1,robotwin_base,1,0,planned,examples/simBenchmarks/Robotwin/train_files/starvla_robotwin_base.yaml,examples/simBenchmarks/Robotwin/eval_files/run_eval.sh,16,"success_rate_clean,success_rate_random","{""datasets.vla_data.per_device_batch_size"": ""16"", ""framework.name"": ""QwenOFT"", ""run_id"": ""bb-R1__robotwin_base__s0"", ""run_root_dir"": ""playground/Checkpoints/backbone_bench"", ""seed"": ""0"", ""trainer.freeze_modules"": """", ""trainer.learning_rate.action_model"": ""0.0001"", ""trainer.learning_rate.qwen_vl_interface"": ""1e-05"", ""trainer.max_train_steps"": ""30000"", ""trainer.pretrained_checkpoint"": ""playground/Checkpoints/pretrain_R1/checkpoints/steps_100000_pytorch_model.pt"", ""trainer.reload_modules"": ""qwen_vl_interface""}"
bb-R1__robotwin_base__s1,R1,robotwin_base,1,1,planned,examples/simBenchmarks/Robotwin/train_files/starvla_robotwin_base.yaml,examples/simBenchmarks/Robotwin/eval_files/run_eval.sh,16,"success_rate_clean,success_rate_random","{""datasets.vla_data.per_device_batch_size"": ""16"", ""framework.name"": ""QwenOFT"", ""run_id"": ""bb-R1__robotwin_base__s1"", ""run_root_dir"": ""playground/Checkpoints/backbone_bench"", ""seed"": ""1"", ""trainer.freeze_modules"": """", ""trainer.learning_rate.action_model"": ""0.0001"", ""trainer.learning_rate.qwen_vl_interface"": ""1e-05"", ""trainer.max_train_steps"": ""30000"", ""trainer.pretrained_checkpoint"": ""playground/Checkpoints/pretrain_R1/checkpoints/steps_100000_pytorch_model.pt"", ""trainer.reload_modules"": ""qwen_vl_interface""}"
bb-R1__robotwin_base__s2,R1,robotwin_base,1,2,planned,examples/simBenchmarks/Robotwin/train_files/starvla_robotwin_base.yaml,examples/simBenchmarks/Robotwin/eval_files/run_eval.sh,16,"success_rate_clean,success_rate_random","{""datasets.vla_data.per_device_batch_size"": ""16"", ""framework.name"": ""QwenOFT"", ""run_id"": ""bb-R1__robotwin_base__s2"", ""run_root_dir"": ""playground/Checkpoints/backbone_bench"", ""seed"": ""2"", ""trainer.freeze_modules"": """", ""trainer.learning_rate.action_model"": ""0.0001"", ""trainer.learning_rate.qwen_vl_interface"": ""1e-05"", ""trainer.max_train_steps"": ""30000"", ""trainer.pretrained_checkpoint"": ""playground/Checkpoints/pretrain_R1/checkpoints/steps_100000_pytorch_model.pt"", ""trainer.reload_modules"": ""qwen_vl_interface""}"
bb-R2__robotwin_base__s0,R2,robotwin_base,1,0,planned,examples/simBenchmarks/Robotwin/train_files/starvla_robotwin_base.yaml,examples/simBenchmarks/Robotwin/eval_files/run_eval.sh,16,"success_rate_clean,success_rate_random","{""datasets.vla_data.per_device_batch_size"": ""16"", ""framework.name"": ""QwenOFT"", ""run_id"": ""bb-R2__robotwin_base__s0"", ""run_root_dir"": ""playground/Checkpoints/backbone_bench"", ""seed"": ""0"", ""trainer.freeze_modules"": """", ""trainer.learning_rate.action_model"": ""0.0001"", ""trainer.learning_rate.qwen_vl_interface"": ""1e-05"", ""trainer.max_train_steps"": ""30000"", ""trainer.pretrained_checkpoint"": ""playground/Checkpoints/pretrain_R2/checkpoints/steps_100000_pytorch_model.pt"", ""trainer.reload_modules"": ""qwen_vl_interface""}"
bb-R2__robotwin_base__s1,R2,robotwin_base,1,1,planned,examples/simBenchmarks/Robotwin/train_files/starvla_robotwin_base.yaml,examples/simBenchmarks/Robotwin/eval_files/run_eval.sh,16,"success_rate_clean,success_rate_random","{""datasets.vla_data.per_device_batch_size"": ""16"", ""framework.name"": ""QwenOFT"", ""run_id"": ""bb-R2__robotwin_base__s1"", ""run_root_dir"": ""playground/Checkpoints/backbone_bench"", ""seed"": ""1"", ""trainer.freeze_modules"": """", ""trainer.learning_rate.action_model"": ""0.0001"", ""trainer.learning_rate.qwen_vl_interface"": ""1e-05"", ""trainer.max_train_steps"": ""30000"", ""trainer.pretrained_checkpoint"": ""playground/Checkpoints/pretrain_R2/checkpoints/steps_100000_pytorch_model.pt"", ""trainer.reload_modules"": ""qwen_vl_interface""}"
bb-R2__robotwin_base__s2,R2,robotwin_base,1,2,planned,examples/simBenchmarks/Robotwin/train_files/starvla_robotwin_base.yaml,examples/simBenchmarks/Robotwin/eval_files/run_eval.sh,16,"success_rate_clean,success_rate_random","{""datasets.vla_data.per_device_batch_size"": ""16"", ""framework.name"": ""QwenOFT"", ""run_id"": ""bb-R2__robotwin_base__s2"", ""run_root_dir"": ""playground/Checkpoints/backbone_bench"", ""seed"": ""2"", ""trainer.freeze_modules"": """", ""trainer.learning_rate.action_model"": ""0.0001"", ""trainer.learning_rate.qwen_vl_interface"": ""1e-05"", ""trainer.max_train_steps"": ""30000"", ""trainer.pretrained_checkpoint"": ""playground/Checkpoints/pretrain_R2/checkpoints/steps_100000_pytorch_model.pt"", ""trainer.reload_modules"": ""qwen_vl_interface""}"
bb-R3__robotwin_base__s0,R3,robotwin_base,1,0,planned,examples/simBenchmarks/Robotwin/train_files/starvla_robotwin_base.yaml,examples/simBenchmarks/Robotwin/eval_files/run_eval.sh,16,"success_rate_clean,success_rate_random","{""datasets.vla_data.per_device_batch_size"": ""16"", ""framework.name"": ""QwenOFT"", ""run_id"": ""bb-R3__robotwin_base__s0"", ""run_root_dir"": ""playground/Checkpoints/backbone_bench"", ""seed"": ""0"", ""trainer.freeze_modules"": """", ""trainer.learning_rate.action_model"": ""0.0001"", ""trainer.learning_rate.qwen_vl_interface"": ""1e-05"", ""trainer.max_train_steps"": ""30000"", ""trainer.pretrained_checkpoint"": ""playground/Checkpoints/pretrain_R3/checkpoints/steps_100000_pytorch_model.pt"", ""trainer.reload_modules"": ""qwen_vl_interface""}"
bb-R3__robotwin_base__s1,R3,robotwin_base,1,1,planned,examples/simBenchmarks/Robotwin/train_files/starvla_robotwin_base.yaml,examples/simBenchmarks/Robotwin/eval_files/run_eval.sh,16,"success_rate_clean,success_rate_random","{""datasets.vla_data.per_device_batch_size"": ""16"", ""framework.name"": ""QwenOFT"", ""run_id"": ""bb-R3__robotwin_base__s1"", ""run_root_dir"": ""playground/Checkpoints/backbone_bench"", ""seed"": ""1"", ""trainer.freeze_modules"": """", ""trainer.learning_rate.action_model"": ""0.0001"", ""trainer.learning_rate.qwen_vl_interface"": ""1e-05"", ""trainer.max_train_steps"": ""30000"", ""trainer.pretrained_checkpoint"": ""playground/Checkpoints/pretrain_R3/checkpoints/steps_100000_pytorch_model.pt"", ""trainer.reload_modules"": ""qwen_vl_interface""}"
bb-R3__robotwin_base__s2,R3,robotwin_base,1,2,planned,examples/simBenchmarks/Robotwin/train_files/starvla_robotwin_base.yaml,examples/simBenchmarks/Robotwin/eval_files/run_eval.sh,16,"success_rate_clean,success_rate_random","{""datasets.vla_data.per_device_batch_size"": ""16"", ""framework.name"": ""QwenOFT"", ""run_id"": ""bb-R3__robotwin_base__s2"", ""run_root_dir"": ""playground/Checkpoints/backbone_bench"", ""seed"": ""2"", ""trainer.freeze_modules"": """", ""trainer.learning_rate.action_model"": ""0.0001"", ""trainer.learning_rate.qwen_vl_interface"": ""1e-05"", ""trainer.max_train_steps"": ""30000"", ""trainer.pretrained_checkpoint"": ""playground/Checkpoints/pretrain_R3/checkpoints/steps_100000_pytorch_model.pt"", ""trainer.reload_modules"": ""qwen_vl_interface""}"
bb-R4__robotwin_base__s0,R4,robotwin_base,1,0,planned,examples/simBenchmarks/Robotwin/train_files/starvla_robotwin_base.yaml,examples/simBenchmarks/Robotwin/eval_files/run_eval.sh,16,"success_rate_clean,success_rate_random","{""datasets.vla_data.per_device_batch_size"": ""16"", ""framework.name"": ""QwenOFT"", ""run_id"": ""bb-R4__robotwin_base__s0"", ""run_root_dir"": ""playground/Checkpoints/backbone_bench"", ""seed"": ""0"", ""trainer.freeze_modules"": """", ""trainer.learning_rate.action_model"": ""0.0001"", ""trainer.learning_rate.qwen_vl_interface"": ""1e-05"", ""trainer.max_train_steps"": ""30000"", ""trainer.pretrained_checkpoint"": ""playground/Checkpoints/pretrain_R4/checkpoints/steps_100000_pytorch_model.pt"", ""trainer.reload_modules"": ""qwen_vl_interface""}"
bb-R4__robotwin_base__s1,R4,robotwin_base,1,1,planned,examples/simBenchmarks/Robotwin/train_files/starvla_robotwin_base.yaml,examples/simBenchmarks/Robotwin/eval_files/run_eval.sh,16,"success_rate_clean,success_rate_random","{""datasets.vla_data.per_device_batch_size"": ""16"", ""framework.name"": ""QwenOFT"", ""run_id"": ""bb-R4__robotwin_base__s1"", ""run_root_dir"": ""playground/Checkpoints/backbone_bench"", ""seed"": ""1"", ""trainer.freeze_modules"": """", ""trainer.learning_rate.action_model"": ""0.0001"", ""trainer.learning_rate.qwen_vl_interface"": ""1e-05"", ""trainer.max_train_steps"": ""30000"", ""trainer.pretrained_checkpoint"": ""playground/Checkpoints/pretrain_R4/checkpoints/steps_100000_pytorch_model.pt"", ""trainer.reload_modules"": ""qwen_vl_interface""}"
bb-R4__robotwin_base__s2,R4,robotwin_base,1,2,planned,examples/simBenchmarks/Robotwin/train_files/starvla_robotwin_base.yaml,examples/simBenchmarks/Robotwin/eval_files/run_eval.sh,16,"success_rate_clean,success_rate_random","{""datasets.vla_data.per_device_batch_size"": ""16"", ""framework.name"": ""QwenOFT"", ""run_id"": ""bb-R4__robotwin_base__s2"", ""run_root_dir"": ""playground/Checkpoints/backbone_bench"", ""seed"": ""2"", ""trainer.freeze_modules"": """", ""trainer.learning_rate.action_model"": ""0.0001"", ""trainer.learning_rate.qwen_vl_interface"": ""1e-05"", ""trainer.max_train_steps"": ""30000"", ""trainer.pretrained_checkpoint"": ""playground/Checkpoints/pretrain_R4/checkpoints/steps_100000_pytorch_model.pt"", ""trainer.reload_modules"": ""qwen_vl_interface""}"
bb-R5__robotwin_base__s0,R5,robotwin_base,1,0,planned,examples/simBenchmarks/Robotwin/train_files/starvla_robotwin_base.yaml,examples/simBenchmarks/Robotwin/eval_files/run_eval.sh,16,"success_rate_clean,success_rate_random","{""datasets.vla_data.per_device_batch_size"": ""16"", ""framework.name"": ""QwenOFT"", ""run_id"": ""bb-R5__robotwin_base__s0"", ""run_root_dir"": ""playground/Checkpoints/backbone_bench"", ""seed"": ""0"", ""trainer.freeze_modules"": """", ""trainer.learning_rate.action_model"": ""0.0001"", ""trainer.learning_rate.qwen_vl_interface"": ""1e-05"", ""trainer.max_train_steps"": ""30000"", ""trainer.pretrained_checkpoint"": ""playground/Checkpoints/pretrain_R5/checkpoints/steps_100000_pytorch_model.pt"", ""trainer.reload_modules"": ""qwen_vl_interface""}"
bb-R5__robotwin_base__s1,R5,robotwin_base,1,1,planned,examples/simBenchmarks/Robotwin/train_files/starvla_robotwin_base.yaml,examples/simBenchmarks/Robotwin/eval_files/run_eval.sh,16,"success_rate_clean,success_rate_random","{""datasets.vla_data.per_device_batch_size"": ""16"", ""framework.name"": ""QwenOFT"", ""run_id"": ""bb-R5__robotwin_base__s1"", ""run_root_dir"": ""playground/Checkpoints/backbone_bench"", ""seed"": ""1"", ""trainer.freeze_modules"": """", ""trainer.learning_rate.action_model"": ""0.0001"", ""trainer.learning_rate.qwen_vl_interface"": ""1e-05"", ""trainer.max_train_steps"": ""30000"", ""trainer.pretrained_checkpoint"": ""playground/Checkpoints/pretrain_R5/checkpoints/steps_100000_pytorch_model.pt"", ""trainer.reload_modules"": ""qwen_vl_interface""}"
bb-R5__robotwin_base__s2,R5,robotwin_base,1,2,planned,examples/simBenchmarks/Robotwin/train_files/starvla_robotwin_base.yaml,examples/simBenchmarks/Robotwin/eval_files/run_eval.sh,16,"success_rate_clean,success_rate_random","{""datasets.vla_data.per_device_batch_size"": ""16"", ""framework.name"": ""QwenOFT"", ""run_id"": ""bb-R5__robotwin_base__s2"", ""run_root_dir"": ""playground/Checkpoints/backbone_bench"", ""seed"": ""2"", ""trainer.freeze_modules"": """", ""trainer.learning_rate.action_model"": ""0.0001"", ""trainer.learning_rate.qwen_vl_interface"": ""1e-05"", ""trainer.max_train_steps"": ""30000"", ""trainer.pretrained_checkpoint"": ""playground/Checkpoints/pretrain_R5/checkpoints/steps_100000_pytorch_model.pt"", ""trainer.reload_modules"": ""qwen_vl_interface""}"
bb-R6__robotwin_base__s0,R6,robotwin_base,1,0,planned,examples/simBenchmarks/Robotwin/train_files/starvla_robotwin_base.yaml,examples/simBenchmarks/Robotwin/eval_files/run_eval.sh,16,"success_rate_clean,success_rate_random","{""datasets.vla_data.per_device_batch_size"": ""16"", ""framework.name"": ""QwenOFT"", ""run_id"": ""bb-R6__robotwin_base__s0"", ""run_root_dir"": ""playground/Checkpoints/backbone_bench"", ""seed"": ""0"", ""trainer.freeze_modules"": """", ""trainer.learning_rate.action_model"": ""0.0001"", ""trainer.learning_rate.qwen_vl_interface"": ""1e-05"", ""trainer.max_train_steps"": ""30000"", ""trainer.pretrained_checkpoint"": ""playground/Checkpoints/pretrain_R6/checkpoints/steps_100000_pytorch_model.pt"", ""trainer.reload_modules"": ""qwen_vl_interface""}"
bb-R6__robotwin_base__s1,R6,robotwin_base,1,1,planned,examples/simBenchmarks/Robotwin/train_files/starvla_robotwin_base.yaml,examples/simBenchmarks/Robotwin/eval_files/run_eval.sh,16,"success_rate_clean,success_rate_random","{""datasets.vla_data.per_device_batch_size"": ""16"", ""framework.name"": ""QwenOFT"", ""run_id"": ""bb-R6__robotwin_base__s1"", ""run_root_dir"": ""playground/Checkpoints/backbone_bench"", ""seed"": ""1"", ""trainer.freeze_modules"": """", ""trainer.learning_rate.action_model"": ""0.0001"", ""trainer.learning_rate.qwen_vl_interface"": ""1e-05"", ""trainer.max_train_steps"": ""30000"", ""trainer.pretrained_checkpoint"": ""playground/Checkpoints/pretrain_R6/checkpoints/steps_100000_pytorch_model.pt"", ""trainer.reload_modules"": ""qwen_vl_interface""}"
bb-R6__robotwin_base__s2,R6,robotwin_base,1,2,planned,examples/simBenchmarks/Robotwin/train_files/starvla_robotwin_base.yaml,examples/simBenchmarks/Robotwin/eval_files/run_eval.sh,16,"success_rate_clean,success_rate_random","{""datasets.vla_data.per_device_batch_size"": ""16"", ""framework.name"": ""QwenOFT"", ""run_id"": ""bb-R6__robotwin_base__s2"", ""run_root_dir"": ""playground/Checkpoints/backbone_bench"", ""seed"": ""2"", ""trainer.freeze_modules"": """", ""trainer.learning_rate.action_model"": ""0.0001"", ""trainer.learning_rate.qwen_vl_interface"": ""1e-05"", ""trainer.max_train_steps"": ""30000"", ""trainer.pretrained_checkpoint"": ""playground/Checkpoints/pretrain_R6/checkpoints/steps_100000_pytorch_model.pt"", ""trainer.reload_modules"": ""qwen_vl_interface""}"
bb-R7__robotwin_base__s0,R7,robotwin_base,1,0,planned,examples/simBenchmarks/Robotwin/train_files/starvla_robotwin_base.yaml,examples/simBenchmarks/Robotwin/eval_files/run_eval.sh,16,"success_rate_clean,success_rate_random","{""datasets.vla_data.per_device_batch_size"": ""16"", ""framework.name"": ""QwenOFT"", ""run_id"": ""bb-R7__robotwin_base__s0"", ""run_root_dir"": ""playground/Checkpoints/backbone_bench"", ""seed"": ""0"", ""trainer.freeze_modules"": """", ""trainer.learning_rate.action_model"": ""0.0001"", ""trainer.learning_rate.qwen_vl_interface"": ""1e-05"", ""trainer.max_train_steps"": ""30000"", ""trainer.pretrained_checkpoint"": ""playground/Checkpoints/pretrain_R7/checkpoints/steps_100000_pytorch_model.pt"", ""trainer.reload_modules"": ""qwen_vl_interface""}"
bb-R7__robotwin_base__s1,R7,robotwin_base,1,1,planned,examples/simBenchmarks/Robotwin/train_files/starvla_robotwin_base.yaml,examples/simBenchmarks/Robotwin/eval_files/run_eval.sh,16,"success_rate_clean,success_rate_random","{""datasets.vla_data.per_device_batch_size"": ""16"", ""framework.name"": ""QwenOFT"", ""run_id"": ""bb-R7__robotwin_base__s1"", ""run_root_dir"": ""playground/Checkpoints/backbone_bench"", ""seed"": ""1"", ""trainer.freeze_modules"": """", ""trainer.learning_rate.action_model"": ""0.0001"", ""trainer.learning_rate.qwen_vl_interface"": ""1e-05"", ""trainer.max_train_steps"": ""30000"", ""trainer.pretrained_checkpoint"": ""playground/Checkpoints/pretrain_R7/checkpoints/steps_100000_pytorch_model.pt"", ""trainer.reload_modules"": ""qwen_vl_interface""}"
bb-R7__robotwin_base__s2,R7,robotwin_base,1,2,planned,examples/simBenchmarks/Robotwin/train_files/starvla_robotwin_base.yaml,examples/simBenchmarks/Robotwin/eval_files/run_eval.sh,16,"success_rate_clean,success_rate_random","{""datasets.vla_data.per_device_batch_size"": ""16"", ""framework.name"": ""QwenOFT"", ""run_id"": ""bb-R7__robotwin_base__s2"", ""run_root_dir"": ""playground/Checkpoints/backbone_bench"", ""seed"": ""2"", ""trainer.freeze_modules"": """", ""trainer.learning_rate.action_model"": ""0.0001"", ""trainer.learning_rate.qwen_vl_interface"": ""1e-05"", ""trainer.max_train_steps"": ""30000"", ""trainer.pretrained_checkpoint"": ""playground/Checkpoints/pretrain_R7/checkpoints/steps_100000_pytorch_model.pt"", ""trainer.reload_modules"": ""qwen_vl_interface""}"
bb-R8__robotwin_base__s0,R8,robotwin_base,1,0,planned,examples/simBenchmarks/Robotwin/train_files/starvla_robotwin_base.yaml,examples/simBenchmarks/Robotwin/eval_files/run_eval.sh,16,"success_rate_clean,success_rate_random","{""datasets.vla_data.per_device_batch_size"": ""16"", ""framework.name"": ""QwenOFT"", ""run_id"": ""bb-R8__robotwin_base__s0"", ""run_root_dir"": ""playground/Checkpoints/backbone_bench"", ""seed"": ""0"", ""trainer.freeze_modules"": """", ""trainer.learning_rate.action_model"": ""0.0001"", ""trainer.learning_rate.qwen_vl_interface"": ""1e-05"", ""trainer.max_train_steps"": ""30000"", ""trainer.pretrained_checkpoint"": ""playground/Checkpoints/pretrain_R8/checkpoints/steps_100000_pytorch_model.pt"", ""trainer.reload_modules"": ""qwen_vl_interface""}"
bb-R8__robotwin_base__s1,R8,robotwin_base,1,1,planned,examples/simBenchmarks/Robotwin/train_files/starvla_robotwin_base.yaml,examples/simBenchmarks/Robotwin/eval_files/run_eval.sh,16,"success_rate_clean,success_rate_random","{""datasets.vla_data.per_device_batch_size"": ""16"", ""framework.name"": ""QwenOFT"", ""run_id"": ""bb-R8__robotwin_base__s1"", ""run_root_dir"": ""playground/Checkpoints/backbone_bench"", ""seed"": ""1"", ""trainer.freeze_modules"": """", ""trainer.learning_rate.action_model"": ""0.0001"", ""trainer.learning_rate.qwen_vl_interface"": ""1e-05"", ""trainer.max_train_steps"": ""30000"", ""trainer.pretrained_checkpoint"": ""playground/Checkpoints/pretrain_R8/checkpoints/steps_100000_pytorch_model.pt"", ""trainer.reload_modules"": ""qwen_vl_interface""}"
bb-R8__robotwin_base__s2,R8,robotwin_base,1,2,planned,examples/simBenchmarks/Robotwin/train_files/starvla_robotwin_base.yaml,examples/simBenchmarks/Robotwin/eval_files/run_eval.sh,16,"success_rate_clean,success_rate_random","{""datasets.vla_data.per_device_batch_size"": ""16"", ""framework.name"": ""QwenOFT"", ""run_id"": ""bb-R8__robotwin_base__s2"", ""run_root_dir"": ""playground/Checkpoints/backbone_bench"", ""seed"": ""2"", ""trainer.freeze_modules"": """", ""trainer.learning_rate.action_model"": ""0.0001"", ""trainer.learning_rate.qwen_vl_interface"": ""1e-05"", ""trainer.max_train_steps"": ""30000"", ""trainer.pretrained_checkpoint"": ""playground/Checkpoints/pretrain_R8/checkpoints/steps_100000_pytorch_model.pt"", ""trainer.reload_modules"": ""qwen_vl_interface""}"
bb-R0__robocasa_gr1_f010__s0,R0,robocasa_gr1,0.1,0,planned,examples/simBenchmarks/Robocasa_tabletop/train_files/starvla_gr1.yaml,examples/simBenchmarks/Robocasa_tabletop/eval_files/run_eval.sh,16,success_rate,"{""datasets.vla_data.data_fraction"": ""0.1"", ""datasets.vla_data.per_device_batch_size"": ""16"", ""framework.name"": ""QwenOFT"", ""framework.qwenvl.base_vlm"": ""Qwen/Qwen3-VL-4B-Instruct"", ""run_id"": ""bb-R0__robocasa_gr1_f010__s0"", ""run_root_dir"": ""playground/Checkpoints/backbone_bench"", ""seed"": ""0"", ""trainer.freeze_modules"": """", ""trainer.learning_rate.action_model"": ""0.0001"", ""trainer.learning_rate.qwen_vl_interface"": ""1e-05"", ""trainer.max_train_steps"": ""30000""}"
bb-R0__robocasa_gr1_f010__s1,R0,robocasa_gr1,0.1,1,planned,examples/simBenchmarks/Robocasa_tabletop/train_files/starvla_gr1.yaml,examples/simBenchmarks/Robocasa_tabletop/eval_files/run_eval.sh,16,success_rate,"{""datasets.vla_data.data_fraction"": ""0.1"", ""datasets.vla_data.per_device_batch_size"": ""16"", ""framework.name"": ""QwenOFT"", ""framework.qwenvl.base_vlm"": ""Qwen/Qwen3-VL-4B-Instruct"", ""run_id"": ""bb-R0__robocasa_gr1_f010__s1"", ""run_root_dir"": ""playground/Checkpoints/backbone_bench"", ""seed"": ""1"", ""trainer.freeze_modules"": """", ""trainer.learning_rate.action_model"": ""0.0001"", ""trainer.learning_rate.qwen_vl_interface"": ""1e-05"", ""trainer.max_train_steps"": ""30000""}"
bb-R0__robocasa_gr1_f010__s2,R0,robocasa_gr1,0.1,2,planned,examples/simBenchmarks/Robocasa_tabletop/train_files/starvla_gr1.yaml,examples/simBenchmarks/Robocasa_tabletop/eval_files/run_eval.sh,16,success_rate,"{""datasets.vla_data.data_fraction"": ""0.1"", ""datasets.vla_data.per_device_batch_size"": ""16"", ""framework.name"": ""QwenOFT"", ""framework.qwenvl.base_vlm"": ""Qwen/Qwen3-VL-4B-Instruct"", ""run_id"": ""bb-R0__robocasa_gr1_f010__s2"", ""run_root_dir"": ""playground/Checkpoints/backbone_bench"", ""seed"": ""2"", ""trainer.freeze_modules"": """", ""trainer.learning_rate.action_model"": ""0.0001"", ""trainer.learning_rate.qwen_vl_interface"": ""1e-05"", ""trainer.max_train_steps"": ""30000""}"
bb-R0__robocasa_gr1_f020__s0,R0,robocasa_gr1,0.2,0,planned,examples/simBenchmarks/Robocasa_tabletop/train_files/starvla_gr1.yaml,examples/simBenchmarks/Robocasa_tabletop/eval_files/run_eval.sh,16,success_rate,"{""datasets.vla_data.data_fraction"": ""0.2"", ""datasets.vla_data.per_device_batch_size"": ""16"", ""framework.name"": ""QwenOFT"", ""framework.qwenvl.base_vlm"": ""Qwen/Qwen3-VL-4B-Instruct"", ""run_id"": ""bb-R0__robocasa_gr1_f020__s0"", ""run_root_dir"": ""playground/Checkpoints/backbone_bench"", ""seed"": ""0"", ""trainer.freeze_modules"": """", ""trainer.learning_rate.action_model"": ""0.0001"", ""trainer.learning_rate.qwen_vl_interface"": ""1e-05"", ""trainer.max_train_steps"": ""30000""}"
bb-R0__robocasa_gr1_f020__s1,R0,robocasa_gr1,0.2,1,planned,examples/simBenchmarks/Robocasa_tabletop/train_files/starvla_gr1.yaml,examples/simBenchmarks/Robocasa_tabletop/eval_files/run_eval.sh,16,success_rate,"{""datasets.vla_data.data_fraction"": ""0.2"", ""datasets.vla_data.per_device_batch_size"": ""16"", ""framework.name"": ""QwenOFT"", ""framework.qwenvl.base_vlm"": ""Qwen/Qwen3-VL-4B-Instruct"", ""run_id"": ""bb-R0__robocasa_gr1_f020__s1"", ""run_root_dir"": ""playground/Checkpoints/backbone_bench"", ""seed"": ""1"", ""trainer.freeze_modules"": """", ""trainer.learning_rate.action_model"": ""0.0001"", ""trainer.learning_rate.qwen_vl_interface"": ""1e-05"", ""trainer.max_train_steps"": ""30000""}"
bb-R0__robocasa_gr1_f020__s2,R0,robocasa_gr1,0.2,2,planned,examples/simBenchmarks/Robocasa_tabletop/train_files/starvla_gr1.yaml,examples/simBenchmarks/Robocasa_tabletop/eval_files/run_eval.sh,16,success_rate,"{""datasets.vla_data.data_fraction"": ""0.2"", ""datasets.vla_data.per_device_batch_size"": ""16"", ""framework.name"": ""QwenOFT"", ""framework.qwenvl.base_vlm"": ""Qwen/Qwen3-VL-4B-Instruct"", ""run_id"": ""bb-R0__robocasa_gr1_f020__s2"", ""run_root_dir"": ""playground/Checkpoints/backbone_bench"", ""seed"": ""2"", ""trainer.freeze_modules"": """", ""trainer.learning_rate.action_model"": ""0.0001"", ""trainer.learning_rate.qwen_vl_interface"": ""1e-05"", ""trainer.max_train_steps"": ""30000""}"
bb-R0__robocasa_gr1_f050__s0,R0,robocasa_gr1,0.5,0,planned,examples/simBenchmarks/Robocasa_tabletop/train_files/starvla_gr1.yaml,examples/simBenchmarks/Robocasa_tabletop/eval_files/run_eval.sh,16,success_rate,"{""datasets.vla_data.data_fraction"": ""0.5"", ""datasets.vla_data.per_device_batch_size"": ""16"", ""framework.name"": ""QwenOFT"", ""framework.qwenvl.base_vlm"": ""Qwen/Qwen3-VL-4B-Instruct"", ""run_id"": ""bb-R0__robocasa_gr1_f050__s0"", ""run_root_dir"": ""playground/Checkpoints/backbone_bench"", ""seed"": ""0"", ""trainer.freeze_modules"": """", ""trainer.learning_rate.action_model"": ""0.0001"", ""trainer.learning_rate.qwen_vl_interface"": ""1e-05"", ""trainer.max_train_steps"": ""30000""}"
bb-R0__robocasa_gr1_f050__s1,R0,robocasa_gr1,0.5,1,planned,examples/simBenchmarks/Robocasa_tabletop/train_files/starvla_gr1.yaml,examples/simBenchmarks/Robocasa_tabletop/eval_files/run_eval.sh,16,success_rate,"{""datasets.vla_data.data_fraction"": ""0.5"", ""datasets.vla_data.per_device_batch_size"": ""16"", ""framework.name"": ""QwenOFT"", ""framework.qwenvl.base_vlm"": ""Qwen/Qwen3-VL-4B-Instruct"", ""run_id"": ""bb-R0__robocasa_gr1_f050__s1"", ""run_root_dir"": ""playground/Checkpoints/backbone_bench"", ""seed"": ""1"", ""trainer.freeze_modules"": """", ""trainer.learning_rate.action_model"": ""0.0001"", ""trainer.learning_rate.qwen_vl_interface"": ""1e-05"", ""trainer.max_train_steps"": ""30000""}"
bb-R0__robocasa_gr1_f050__s2,R0,robocasa_gr1,0.5,2,planned,examples/simBenchmarks/Robocasa_tabletop/train_files/starvla_gr1.yaml,examples/simBenchmarks/Robocasa_tabletop/eval_files/run_eval.sh,16,success_rate,"{""datasets.vla_data.data_fraction"": ""0.5"", ""datasets.vla_data.per_device_batch_size"": ""16"", ""framework.name"": ""QwenOFT"", ""framework.qwenvl.base_vlm"": ""Qwen/Qwen3-VL-4B-Instruct"", ""run_id"": ""bb-R0__robocasa_gr1_f050__s2"", ""run_root_dir"": ""playground/Checkpoints/backbone_bench"", ""seed"": ""2"", ""trainer.freeze_modules"": """", ""trainer.learning_rate.action_model"": ""0.0001"", ""trainer.learning_rate.qwen_vl_interface"": ""1e-05"", ""trainer.max_train_steps"": ""30000""}"
bb-R0__robocasa_gr1__s0,R0,robocasa_gr1,1,0,planned,examples/simBenchmarks/Robocasa_tabletop/train_files/starvla_gr1.yaml,examples/simBenchmarks/Robocasa_tabletop/eval_files/run_eval.sh,16,success_rate,"{""datasets.vla_data.per_device_batch_size"": ""16"", ""framework.name"": ""QwenOFT"", ""framework.qwenvl.base_vlm"": ""Qwen/Qwen3-VL-4B-Instruct"", ""run_id"": ""bb-R0__robocasa_gr1__s0"", ""run_root_dir"": ""playground/Checkpoints/backbone_bench"", ""seed"": ""0"", ""trainer.freeze_modules"": """", ""trainer.learning_rate.action_model"": ""0.0001"", ""trainer.learning_rate.qwen_vl_interface"": ""1e-05"", ""trainer.max_train_steps"": ""30000""}"
bb-R0__robocasa_gr1__s1,R0,robocasa_gr1,1,1,planned,examples/simBenchmarks/Robocasa_tabletop/train_files/starvla_gr1.yaml,examples/simBenchmarks/Robocasa_tabletop/eval_files/run_eval.sh,16,success_rate,"{""datasets.vla_data.per_device_batch_size"": ""16"", ""framework.name"": ""QwenOFT"", ""framework.qwenvl.base_vlm"": ""Qwen/Qwen3-VL-4B-Instruct"", ""run_id"": ""bb-R0__robocasa_gr1__s1"", ""run_root_dir"": ""playground/Checkpoints/backbone_bench"", ""seed"": ""1"", ""trainer.freeze_modules"": """", ""trainer.learning_rate.action_model"": ""0.0001"", ""trainer.learning_rate.qwen_vl_interface"": ""1e-05"", ""trainer.max_train_steps"": ""30000""}"
bb-R0__robocasa_gr1__s2,R0,robocasa_gr1,1,2,planned,examples/simBenchmarks/Robocasa_tabletop/train_files/starvla_gr1.yaml,examples/simBenchmarks/Robocasa_tabletop/eval_files/run_eval.sh,16,success_rate,"{""datasets.vla_data.per_device_batch_size"": ""16"", ""framework.name"": ""QwenOFT"", ""framework.qwenvl.base_vlm"": ""Qwen/Qwen3-VL-4B-Instruct"", ""run_id"": ""bb-R0__robocasa_gr1__s2"", ""run_root_dir"": ""playground/Checkpoints/backbone_bench"", ""seed"": ""2"", ""trainer.freeze_modules"": """", ""trainer.learning_rate.action_model"": ""0.0001"", ""trainer.learning_rate.qwen_vl_interface"": ""1e-05"", ""trainer.max_train_steps"": ""30000""}"
bb-R1__robocasa_gr1_f010__s0,R1,robocasa_gr1,0.1,0,planned,examples/simBenchmarks/Robocasa_tabletop/train_files/starvla_gr1.yaml,examples/simBenchmarks/Robocasa_tabletop/eval_files/run_eval.sh,16,success_rate,"{""datasets.vla_data.data_fraction"": ""0.1"", ""datasets.vla_data.per_device_batch_size"": ""16"", ""framework.name"": ""QwenOFT"", ""run_id"": ""bb-R1__robocasa_gr1_f010__s0"", ""run_root_dir"": ""playground/Checkpoints/backbone_bench"", ""seed"": ""0"", ""trainer.freeze_modules"": """", ""trainer.learning_rate.action_model"": ""0.0001"", ""trainer.learning_rate.qwen_vl_interface"": ""1e-05"", ""trainer.max_train_steps"": ""30000"", ""trainer.pretrained_checkpoint"": ""playground/Checkpoints/pretrain_R1/checkpoints/steps_100000_pytorch_model.pt"", ""trainer.reload_modules"": ""qwen_vl_interface""}"
bb-R1__robocasa_gr1_f010__s1,R1,robocasa_gr1,0.1,1,planned,examples/simBenchmarks/Robocasa_tabletop/train_files/starvla_gr1.yaml,examples/simBenchmarks/Robocasa_tabletop/eval_files/run_eval.sh,16,success_rate,"{""datasets.vla_data.data_fraction"": ""0.1"", ""datasets.vla_data.per_device_batch_size"": ""16"", ""framework.name"": ""QwenOFT"", ""run_id"": ""bb-R1__robocasa_gr1_f010__s1"", ""run_root_dir"": ""playground/Checkpoints/backbone_bench"", ""seed"": ""1"", ""trainer.freeze_modules"": """", ""trainer.learning_rate.action_model"": ""0.0001"", ""trainer.learning_rate.qwen_vl_interface"": ""1e-05"", ""trainer.max_train_steps"": ""30000"", ""trainer.pretrained_checkpoint"": ""playground/Checkpoints/pretrain_R1/checkpoints/steps_100000_pytorch_model.pt"", ""trainer.reload_modules"": ""qwen_vl_interface""}"
bb-R1__robocasa_gr1_f010__s2,R1,robocasa_gr1,0.1,2,planned,examples/simBenchmarks/Robocasa_tabletop/train_files/starvla_gr1.yaml,examples/simBenchmarks/Robocasa_tabletop/eval_files/run_eval.sh,16,success_rate,"{""datasets.vla_data.data_fraction"": ""0.1"", ""datasets.vla_data.per_device_batch_size"": ""16"", ""framework.name"": ""QwenOFT"", ""run_id"": ""bb-R1__robocasa_gr1_f010__s2"", ""run_root_dir"": ""playground/Checkpoints/backbone_bench"", ""seed"": ""2"", ""trainer.freeze_modules"": """", ""trainer.learning_rate.action_model"": ""0.0001"", ""trainer.learning_rate.qwen_vl_interface"": ""1e-05"", ""trainer.max_train_steps"": ""30000"", ""trainer.pretrained_checkpoint"": ""playground/Checkpoints/pretrain_R1/checkpoints/steps_100000_pytorch_model.pt"", ""trainer.reload_modules"": ""qwen_vl_interface""}"
bb-R1__robocasa_gr1_f020__s0,R1,robocasa_gr1,0.2,0,planned,examples/simBenchmarks/Robocasa_tabletop/train_files/starvla_gr1.yaml,examples/simBenchmarks/Robocasa_tabletop/eval_files/run_eval.sh,16,success_rate,"{""datasets.vla_data.data_fraction"": ""0.2"", ""datasets.vla_data.per_device_batch_size"": ""16"", ""framework.name"": ""QwenOFT"", ""run_id"": ""bb-R1__robocasa_gr1_f020__s0"", ""run_root_dir"": ""playground/Checkpoints/backbone_bench"", ""seed"": ""0"", ""trainer.freeze_modules"": """", ""trainer.learning_rate.action_model"": ""0.0001"", ""trainer.learning_rate.qwen_vl_interface"": ""1e-05"", ""trainer.max_train_steps"": ""30000"", ""trainer.pretrained_checkpoint"": ""playground/Checkpoints/pretrain_R1/checkpoints/steps_100000_pytorch_model.pt"", ""trainer.reload_modules"": ""qwen_vl_interface""}"
bb-R1__robocasa_gr1_f020__s1,R1,robocasa_gr1,0.2,1,planned,examples/simBenchmarks/Robocasa_tabletop/train_files/starvla_gr1.yaml,examples/simBenchmarks/Robocasa_tabletop/eval_files/run_eval.sh,16,success_rate,"{""datasets.vla_data.data_fraction"": ""0.2"", ""datasets.vla_data.per_device_batch_size"": ""16"", ""framework.name"": ""QwenOFT"", ""run_id"": ""bb-R1__robocasa_gr1_f020__s1"", ""run_root_dir"": ""playground/Checkpoints/backbone_bench"", ""seed"": ""1"", ""trainer.freeze_modules"": """", ""trainer.learning_rate.action_model"": ""0.0001"", ""trainer.learning_rate.qwen_vl_interface"": ""1e-05"", ""trainer.max_train_steps"": ""30000"", ""trainer.pretrained_checkpoint"": ""playground/Checkpoints/pretrain_R1/checkpoints/steps_100000_pytorch_model.pt"", ""trainer.reload_modules"": ""qwen_vl_interface""}"
bb-R1__robocasa_gr1_f020__s2,R1,robocasa_gr1,0.2,2,planned,examples/simBenchmarks/Robocasa_tabletop/train_files/starvla_gr1.yaml,examples/simBenchmarks/Robocasa_tabletop/eval_files/run_eval.sh,16,success_rate,"{""datasets.vla_data.data_fraction"": ""0.2"", ""datasets.vla_data.per_device_batch_size"": ""16"", ""framework.name"": ""QwenOFT"", ""run_id"": ""bb-R1__robocasa_gr1_f020__s2"", ""run_root_dir"": ""playground/Checkpoints/backbone_bench"", ""seed"": ""2"", ""trainer.freeze_modules"": """", ""trainer.learning_rate.action_model"": ""0.0001"", ""trainer.learning_rate.qwen_vl_interface"": ""1e-05"", ""trainer.max_train_steps"": ""30000"", ""trainer.pretrained_checkpoint"": ""playground/Checkpoints/pretrain_R1/checkpoints/steps_100000_pytorch_model.pt"", ""trainer.reload_modules"": ""qwen_vl_interface""}"
bb-R1__robocasa_gr1_f050__s0,R1,robocasa_gr1,0.5,0,planned,examples/simBenchmarks/Robocasa_tabletop/train_files/starvla_gr1.yaml,examples/simBenchmarks/Robocasa_tabletop/eval_files/run_eval.sh,16,success_rate,"{""datasets.vla_data.data_fraction"": ""0.5"", ""datasets.vla_data.per_device_batch_size"": ""16"", ""framework.name"": ""QwenOFT"", ""run_id"": ""bb-R1__robocasa_gr1_f050__s0"", ""run_root_dir"": ""playground/Checkpoints/backbone_bench"", ""seed"": ""0"", ""trainer.freeze_modules"": """", ""trainer.learning_rate.action_model"": ""0.0001"", ""trainer.learning_rate.qwen_vl_interface"": ""1e-05"", ""trainer.max_train_steps"": ""30000"", ""trainer.pretrained_checkpoint"": ""playground/Checkpoints/pretrain_R1/checkpoints/steps_100000_pytorch_model.pt"", ""trainer.reload_modules"": ""qwen_vl_interface""}"
bb-R1__robocasa_gr1_f050__s1,R1,robocasa_gr1,0.5,1,planned,examples/simBenchmarks/Robocasa_tabletop/train_files/starvla_gr1.yaml,examples/simBenchmarks/Robocasa_tabletop/eval_files/run_eval.sh,16,success_rate,"{""datasets.vla_data.data_fraction"": ""0.5"", ""datasets.vla_data.per_device_batch_size"": ""16"", ""framework.name"": ""QwenOFT"", ""run_id"": ""bb-R1__robocasa_gr1_f050__s1"", ""run_root_dir"": ""playground/Checkpoints/backbone_bench"", ""seed"": ""1"", ""trainer.freeze_modules"": """", ""trainer.learning_rate.action_model"": ""0.0001"", ""trainer.learning_rate.qwen_vl_interface"": ""1e-05"", ""trainer.max_train_steps"": ""30000"", ""trainer.pretrained_checkpoint"": ""playground/Checkpoints/pretrain_R1/checkpoints/steps_100000_pytorch_model.pt"", ""trainer.reload_modules"": ""qwen_vl_interface""}"
bb-R1__robocasa_gr1_f050__s2,R1,robocasa_gr1,0.5,2,planned,examples/simBenchmarks/Robocasa_tabletop/train_files/starvla_gr1.yaml,examples/simBenchmarks/Robocasa_tabletop/eval_files/run_eval.sh,16,success_rate,"{""datasets.vla_data.data_fraction"": ""0.5"", ""datasets.vla_data.per_device_batch_size"": ""16"", ""framework.name"": ""QwenOFT"", ""run_id"": ""bb-R1__robocasa_gr1_f050__s2"", ""run_root_dir"": ""playground/Checkpoints/backbone_bench"", ""seed"": ""2"", ""trainer.freeze_modules"": """", ""trainer.learning_rate.action_model"": ""0.0001"", ""trainer.learning_rate.qwen_vl_interface"": ""1e-05"", ""trainer.max_train_steps"": ""30000"", ""trainer.pretrained_checkpoint"": ""playground/Checkpoints/pretrain_R1/checkpoints/steps_100000_pytorch_model.pt"", ""trainer.reload_modules"": ""qwen_vl_interface""}"
bb-R1__robocasa_gr1__s0,R1,robocasa_gr1,1,0,planned,examples/simBenchmarks/Robocasa_tabletop/train_files/starvla_gr1.yaml,examples/simBenchmarks/Robocasa_tabletop/eval_files/run_eval.sh,16,success_rate,"{""datasets.vla_data.per_device_batch_size"": ""16"", ""framework.name"": ""QwenOFT"", ""run_id"": ""bb-R1__robocasa_gr1__s0"", ""run_root_dir"": ""playground/Checkpoints/backbone_bench"", ""seed"": ""0"", ""trainer.freeze_modules"": """", ""trainer.learning_rate.action_model"": ""0.0001"", ""trainer.learning_rate.qwen_vl_interface"": ""1e-05"", ""trainer.max_train_steps"": ""30000"", ""trainer.pretrained_checkpoint"": ""playground/Checkpoints/pretrain_R1/checkpoints/steps_100000_pytorch_model.pt"", ""trainer.reload_modules"": ""qwen_vl_interface""}"
bb-R1__robocasa_gr1__s1,R1,robocasa_gr1,1,1,planned,examples/simBenchmarks/Robocasa_tabletop/train_files/starvla_gr1.yaml,examples/simBenchmarks/Robocasa_tabletop/eval_files/run_eval.sh,16,success_rate,"{""datasets.vla_data.per_device_batch_size"": ""16"", ""framework.name"": ""QwenOFT"", ""run_id"": ""bb-R1__robocasa_gr1__s1"", ""run_root_dir"": ""playground/Checkpoints/backbone_bench"", ""seed"": ""1"", ""trainer.freeze_modules"": """", ""trainer.learning_rate.action_model"": ""0.0001"", ""trainer.learning_rate.qwen_vl_interface"": ""1e-05"", ""trainer.max_train_steps"": ""30000"", ""trainer.pretrained_checkpoint"": ""playground/Checkpoints/pretrain_R1/checkpoints/steps_100000_pytorch_model.pt"", ""trainer.reload_modules"": ""qwen_vl_interface""}"
bb-R1__robocasa_gr1__s2,R1,robocasa_gr1,1,2,planned,examples/simBenchmarks/Robocasa_tabletop/train_files/starvla_gr1.yaml,examples/simBenchmarks/Robocasa_tabletop/eval_files/run_eval.sh,16,success_rate,"{""datasets.vla_data.per_device_batch_size"": ""16"", ""framework.name"": ""QwenOFT"", ""run_id"": ""bb-R1__robocasa_gr1__s2"", ""run_root_dir"": ""playground/Checkpoints/backbone_bench"", ""seed"": ""2"", ""trainer.freeze_modules"": """", ""trainer.learning_rate.action_model"": ""0.0001"", ""trainer.learning_rate.qwen_vl_interface"": ""1e-05"", ""trainer.max_train_steps"": ""30000"", ""trainer.pretrained_checkpoint"": ""playground/Checkpoints/pretrain_R1/checkpoints/steps_100000_pytorch_model.pt"", ""trainer.reload_modules"": ""qwen_vl_interface""}"
bb-R2__robocasa_gr1_f010__s0,R2,robocasa_gr1,0.1,0,planned,examples/simBenchmarks/Robocasa_tabletop/train_files/starvla_gr1.yaml,examples/simBenchmarks/Robocasa_tabletop/eval_files/run_eval.sh,16,success_rate,"{""datasets.vla_data.data_fraction"": ""0.1"", ""datasets.vla_data.per_device_batch_size"": ""16"", ""framework.name"": ""QwenOFT"", ""run_id"": ""bb-R2__robocasa_gr1_f010__s0"", ""run_root_dir"": ""playground/Checkpoints/backbone_bench"", ""seed"": ""0"", ""trainer.freeze_modules"": """", ""trainer.learning_rate.action_model"": ""0.0001"", ""trainer.learning_rate.qwen_vl_interface"": ""1e-05"", ""trainer.max_train_steps"": ""30000"", ""trainer.pretrained_checkpoint"": ""playground/Checkpoints/pretrain_R2/checkpoints/steps_100000_pytorch_model.pt"", ""trainer.reload_modules"": ""qwen_vl_interface""}"
bb-R2__robocasa_gr1_f010__s1,R2,robocasa_gr1,0.1,1,planned,examples/simBenchmarks/Robocasa_tabletop/train_files/starvla_gr1.yaml,examples/simBenchmarks/Robocasa_tabletop/eval_files/run_eval.sh,16,success_rate,"{""datasets.vla_data.data_fraction"": ""0.1"", ""datasets.vla_data.per_device_batch_size"": ""16"", ""framework.name"": ""QwenOFT"", ""run_id"": ""bb-R2__robocasa_gr1_f010__s1"", ""run_root_dir"": ""playground/Checkpoints/backbone_bench"", ""seed"": ""1"", ""trainer.freeze_modules"": """", ""trainer.learning_rate.action_model"": ""0.0001"", ""trainer.learning_rate.qwen_vl_interface"": ""1e-05"", ""trainer.max_train_steps"": ""30000"", ""trainer.pretrained_checkpoint"": ""playground/Checkpoints/pretrain_R2/checkpoints/steps_100000_pytorch_model.pt"", ""trainer.reload_modules"": ""qwen_vl_interface""}"
bb-R2__robocasa_gr1_f010__s2,R2,robocasa_gr1,0.1,2,planned,examples/simBenchmarks/Robocasa_tabletop/train_files/starvla_gr1.yaml,examples/simBenchmarks/Robocasa_tabletop/eval_files/run_eval.sh,16,success_rate,"{""datasets.vla_data.data_fraction"": ""0.1"", ""datasets.vla_data.per_device_batch_size"": ""16"", ""framework.name"": ""QwenOFT"", ""run_id"": ""bb-R2__robocasa_gr1_f010__s2"", ""run_root_dir"": ""playground/Checkpoints/backbone_bench"", ""seed"": ""2"", ""trainer.freeze_modules"": """", ""trainer.learning_rate.action_model"": ""0.0001"", ""trainer.learning_rate.qwen_vl_interface"": ""1e-05"", ""trainer.max_train_steps"": ""30000"", ""trainer.pretrained_checkpoint"": ""playground/Checkpoints/pretrain_R2/checkpoints/steps_100000_pytorch_model.pt"", ""trainer.reload_modules"": ""qwen_vl_interface""}"
bb-R2__robocasa_gr1_f020__s0,R2,robocasa_gr1,0.2,0,planned,examples/simBenchmarks/Robocasa_tabletop/train_files/starvla_gr1.yaml,examples/simBenchmarks/Robocasa_tabletop/eval_files/run_eval.sh,16,success_rate,"{""datasets.vla_data.data_fraction"": ""0.2"", ""datasets.vla_data.per_device_batch_size"": ""16"", ""framework.name"": ""QwenOFT"", ""run_id"": ""bb-R2__robocasa_gr1_f020__s0"", ""run_root_dir"": ""playground/Checkpoints/backbone_bench"", ""seed"": ""0"", ""trainer.freeze_modules"": """", ""trainer.learning_rate.action_model"": ""0.0001"", ""trainer.learning_rate.qwen_vl_interface"": ""1e-05"", ""trainer.max_train_steps"": ""30000"", ""trainer.pretrained_checkpoint"": ""playground/Checkpoints/pretrain_R2/checkpoints/steps_100000_pytorch_model.pt"", ""trainer.reload_modules"": ""qwen_vl_interface""}"
bb-R2__robocasa_gr1_f020__s1,R2,robocasa_gr1,0.2,1,planned,examples/simBenchmarks/Robocasa_tabletop/train_files/starvla_gr1.yaml,examples/simBenchmarks/Robocasa_tabletop/eval_files/run_eval.sh,16,success_rate,"{""datasets.vla_data.data_fraction"": ""0.2"", ""datasets.vla_data.per_device_batch_size"": ""16"", ""framework.name"": ""QwenOFT"", ""run_id"": ""bb-R2__robocasa_gr1_f020__s1"", ""run_root_dir"": ""playground/Checkpoints/backbone_bench"", ""seed"": ""1"", ""trainer.freeze_modules"": """", ""trainer.learning_rate.action_model"": ""0.0001"", ""trainer.learning_rate.qwen_vl_interface"": ""1e-05"", ""trainer.max_train_steps"": ""30000"", ""trainer.pretrained_checkpoint"": ""playground/Checkpoints/pretrain_R2/checkpoints/steps_100000_pytorch_model.pt"", ""trainer.reload_modules"": ""qwen_vl_interface""}"
bb-R2__robocasa_gr1_f020__s2,R2,robocasa_gr1,0.2,2,planned,examples/simBenchmarks/Robocasa_tabletop/train_files/starvla_gr1.yaml,examples/simBenchmarks/Robocasa_tabletop/eval_files/run_eval.sh,16,success_rate,"{""datasets.vla_data.data_fraction"": ""0.2"", ""datasets.vla_data.per_device_batch_size"": ""16"", ""framework.name"": ""QwenOFT"", ""run_id"": ""bb-R2__robocasa_gr1_f020__s2"", ""run_root_dir"": ""playground/Checkpoints/backbone_bench"", ""seed"": ""2"", ""trainer.freeze_modules"": """", ""trainer.learning_rate.action_model"": ""0.0001"", ""trainer.learning_rate.qwen_vl_interface"": ""1e-05"", ""trainer.max_train_steps"": ""30000"", ""trainer.pretrained_checkpoint"": ""playground/Checkpoints/pretrain_R2/checkpoints/steps_100000_pytorch_model.pt"", ""trainer.reload_modules"": ""qwen_vl_interface""}"
bb-R2__robocasa_gr1_f050__s0,R2,robocasa_gr1,0.5,0,planned,examples/simBenchmarks/Robocasa_tabletop/train_files/starvla_gr1.yaml,examples/simBenchmarks/Robocasa_tabletop/eval_files/run_eval.sh,16,success_rate,"{""datasets.vla_data.data_fraction"": ""0.5"", ""datasets.vla_data.per_device_batch_size"": ""16"", ""framework.name"": ""QwenOFT"", ""run_id"": ""bb-R2__robocasa_gr1_f050__s0"", ""run_root_dir"": ""playground/Checkpoints/backbone_bench"", ""seed"": ""0"", ""trainer.freeze_modules"": """", ""trainer.learning_rate.action_model"": ""0.0001"", ""trainer.learning_rate.qwen_vl_interface"": ""1e-05"", ""trainer.max_train_steps"": ""30000"", ""trainer.pretrained_checkpoint"": ""playground/Checkpoints/pretrain_R2/checkpoints/steps_100000_pytorch_model.pt"", ""trainer.reload_modules"": ""qwen_vl_interface""}"
bb-R2__robocasa_gr1_f050__s1,R2,robocasa_gr1,0.5,1,planned,examples/simBenchmarks/Robocasa_tabletop/train_files/starvla_gr1.yaml,examples/simBenchmarks/Robocasa_tabletop/eval_files/run_eval.sh,16,success_rate,"{""datasets.vla_data.data_fraction"": ""0.5"", ""datasets.vla_data.per_device_batch_size"": ""16"", ""framework.name"": ""QwenOFT"", ""run_id"": ""bb-R2__robocasa_gr1_f050__s1"", ""run_root_dir"": ""playground/Checkpoints/backbone_bench"", ""seed"": ""1"", ""trainer.freeze_modules"": """", ""trainer.learning_rate.action_model"": ""0.0001"", ""trainer.learning_rate.qwen_vl_interface"": ""1e-05"", ""trainer.max_train_steps"": ""30000"", ""trainer.pretrained_checkpoint"": ""playground/Checkpoints/pretrain_R2/checkpoints/steps_100000_pytorch_model.pt"", ""trainer.reload_modules"": ""qwen_vl_interface""}"
bb-R2__robocasa_gr1_f050__s2,R2,robocasa_gr1,0.5,2,planned,examples/simBenchmarks/Robocasa_tabletop/train_files/starvla_gr1.yaml,examples/simBenchmarks/Robocasa_tabletop/eval_files/run_eval.sh,16,success_rate,"{""datasets.vla_data.data_fraction"": ""0.5"", ""datasets.vla_data.per_device_batch_size"": ""16"", ""framework.name"": ""QwenOFT"", ""run_id"": ""bb-R2__robocasa_gr1_f050__s2"", ""run_root_dir"": ""playground/Checkpoints/backbone_bench"", ""seed"": ""2"", ""trainer.freeze_modules"": """", ""trainer.learning_rate.action_model"": ""0.0001"", ""trainer.learning_rate.qwen_vl_interface"": ""1e-05"", ""trainer.max_train_steps"": ""30000"", ""trainer.pretrained_checkpoint"": ""playground/Checkpoints/pretrain_R2/checkpoints/steps_100000_pytorch_model.pt"", ""trainer.reload_modules"": ""qwen_vl_interface""}"
bb-R2__robocasa_gr1__s0,R2,robocasa_gr1,1,0,planned,examples/simBenchmarks/Robocasa_tabletop/train_files/starvla_gr1.yaml,examples/simBenchmarks/Robocasa_tabletop/eval_files/run_eval.sh,16,success_rate,"{""datasets.vla_data.per_device_batch_size"": ""16"", ""framework.name"": ""QwenOFT"", ""run_id"": ""bb-R2__robocasa_gr1__s0"", ""run_root_dir"": ""playground/Checkpoints/backbone_bench"", ""seed"": ""0"", ""trainer.freeze_modules"": """", ""trainer.learning_rate.action_model"": ""0.0001"", ""trainer.learning_rate.qwen_vl_interface"": ""1e-05"", ""trainer.max_train_steps"": ""30000"", ""trainer.pretrained_checkpoint"": ""playground/Checkpoints/pretrain_R2/checkpoints/steps_100000_pytorch_model.pt"", ""trainer.reload_modules"": ""qwen_vl_interface""}"
bb-R2__robocasa_gr1__s1,R2,robocasa_gr1,1,1,planned,examples/simBenchmarks/Robocasa_tabletop/train_files/starvla_gr1.yaml,examples/simBenchmarks/Robocasa_tabletop/eval_files/run_eval.sh,16,success_rate,"{""datasets.vla_data.per_device_batch_size"": ""16"", ""framework.name"": ""QwenOFT"", ""run_id"": ""bb-R2__robocasa_gr1__s1"", ""run_root_dir"": ""playground/Checkpoints/backbone_bench"", ""seed"": ""1"", ""trainer.freeze_modules"": """", ""trainer.learning_rate.action_model"": ""0.0001"", ""trainer.learning_rate.qwen_vl_interface"": ""1e-05"", ""trainer.max_train_steps"": ""30000"", ""trainer.pretrained_checkpoint"": ""playground/Checkpoints/pretrain_R2/checkpoints/steps_100000_pytorch_model.pt"", ""trainer.reload_modules"": ""qwen_vl_interface""}"
bb-R2__robocasa_gr1__s2,R2,robocasa_gr1,1,2,planned,examples/simBenchmarks/Robocasa_tabletop/train_files/starvla_gr1.yaml,examples/simBenchmarks/Robocasa_tabletop/eval_files/run_eval.sh,16,success_rate,"{""datasets.vla_data.per_device_batch_size"": ""16"", ""framework.name"": ""QwenOFT"", ""run_id"": ""bb-R2__robocasa_gr1__s2"", ""run_root_dir"": ""playground/Checkpoints/backbone_bench"", ""seed"": ""2"", ""trainer.freeze_modules"": """", ""trainer.learning_rate.action_model"": ""0.0001"", ""trainer.learning_rate.qwen_vl_interface"": ""1e-05"", ""trainer.max_train_steps"": ""30000"", ""trainer.pretrained_checkpoint"": ""playground/Checkpoints/pretrain_R2/checkpoints/steps_100000_pytorch_model.pt"", ""trainer.reload_modules"": ""qwen_vl_interface""}"
bb-R3__robocasa_gr1_f010__s0,R3,robocasa_gr1,0.1,0,planned,examples/simBenchmarks/Robocasa_tabletop/train_files/starvla_gr1.yaml,examples/simBenchmarks/Robocasa_tabletop/eval_files/run_eval.sh,16,success_rate,"{""datasets.vla_data.data_fraction"": ""0.1"", ""datasets.vla_data.per_device_batch_size"": ""16"", ""framework.name"": ""QwenOFT"", ""run_id"": ""bb-R3__robocasa_gr1_f010__s0"", ""run_root_dir"": ""playground/Checkpoints/backbone_bench"", ""seed"": ""0"", ""trainer.freeze_modules"": """", ""trainer.learning_rate.action_model"": ""0.0001"", ""trainer.learning_rate.qwen_vl_interface"": ""1e-05"", ""trainer.max_train_steps"": ""30000"", ""trainer.pretrained_checkpoint"": ""playground/Checkpoints/pretrain_R3/checkpoints/steps_100000_pytorch_model.pt"", ""trainer.reload_modules"": ""qwen_vl_interface""}"
bb-R3__robocasa_gr1_f010__s1,R3,robocasa_gr1,0.1,1,planned,examples/simBenchmarks/Robocasa_tabletop/train_files/starvla_gr1.yaml,examples/simBenchmarks/Robocasa_tabletop/eval_files/run_eval.sh,16,success_rate,"{""datasets.vla_data.data_fraction"": ""0.1"", ""datasets.vla_data.per_device_batch_size"": ""16"", ""framework.name"": ""QwenOFT"", ""run_id"": ""bb-R3__robocasa_gr1_f010__s1"", ""run_root_dir"": ""playground/Checkpoints/backbone_bench"", ""seed"": ""1"", ""trainer.freeze_modules"": """", ""trainer.learning_rate.action_model"": ""0.0001"", ""trainer.learning_rate.qwen_vl_interface"": ""1e-05"", ""trainer.max_train_steps"": ""30000"", ""trainer.pretrained_checkpoint"": ""playground/Checkpoints/pretrain_R3/checkpoints/steps_100000_pytorch_model.pt"", ""trainer.reload_modules"": ""qwen_vl_interface""}"
bb-R3__robocasa_gr1_f010__s2,R3,robocasa_gr1,0.1,2,planned,examples/simBenchmarks/Robocasa_tabletop/train_files/starvla_gr1.yaml,examples/simBenchmarks/Robocasa_tabletop/eval_files/run_eval.sh,16,success_rate,"{""datasets.vla_data.data_fraction"": ""0.1"", ""datasets.vla_data.per_device_batch_size"": ""16"", ""framework.name"": ""QwenOFT"", ""run_id"": ""bb-R3__robocasa_gr1_f010__s2"", ""run_root_dir"": ""playground/Checkpoints/backbone_bench"", ""seed"": ""2"", ""trainer.freeze_modules"": """", ""trainer.learning_rate.action_model"": ""0.0001"", ""trainer.learning_rate.qwen_vl_interface"": ""1e-05"", ""trainer.max_train_steps"": ""30000"", ""trainer.pretrained_checkpoint"": ""playground/Checkpoints/pretrain_R3/checkpoints/steps_100000_pytorch_model.pt"", ""trainer.reload_modules"": ""qwen_vl_interface""}"
bb-R3__robocasa_gr1_f020__s0,R3,robocasa_gr1,0.2,0,planned,examples/simBenchmarks/Robocasa_tabletop/train_files/starvla_gr1.yaml,examples/simBenchmarks/Robocasa_tabletop/eval_files/run_eval.sh,16,success_rate,"{""datasets.vla_data.data_fraction"": ""0.2"", ""datasets.vla_data.per_device_batch_size"": ""16"", ""framework.name"": ""QwenOFT"", ""run_id"": ""bb-R3__robocasa_gr1_f020__s0"", ""run_root_dir"": ""playground/Checkpoints/backbone_bench"", ""seed"": ""0"", ""trainer.freeze_modules"": """", ""trainer.learning_rate.action_model"": ""0.0001"", ""trainer.learning_rate.qwen_vl_interface"": ""1e-05"", ""trainer.max_train_steps"": ""30000"", ""trainer.pretrained_checkpoint"": ""playground/Checkpoints/pretrain_R3/checkpoints/steps_100000_pytorch_model.pt"", ""trainer.reload_modules"": ""qwen_vl_interface""}"
bb-R3__robocasa_gr1_f020__s1,R3,robocasa_gr1,0.2,1,planned,examples/simBenchmarks/Robocasa_tabletop/train_files/starvla_gr1.yaml,examples/simBenchmarks/Robocasa_tabletop/eval_files/run_eval.sh,16,success_rate,"{""datasets.vla_data.data_fraction"": ""0.2"", ""datasets.vla_data.per_device_batch_size"": ""16"", ""framework.name"": ""QwenOFT"", ""run_id"": ""bb-R3__robocasa_gr1_f020__s1"", ""run_root_dir"": ""playground/Checkpoints/backbone_bench"", ""seed"": ""1"", ""trainer.freeze_modules"": """", ""trainer.learning_rate.action_model"": ""0.0001"", ""trainer.learning_rate.qwen_vl_interface"": ""1e-05"", ""trainer.max_train_steps"": ""30000"", ""trainer.pretrained_checkpoint"": ""playground/Checkpoints/pretrain_R3/checkpoints/steps_100000_pytorch_model.pt"", ""trainer.reload_modules"": ""qwen_vl_interface""}"
bb-R3__robocasa_gr1_f020__s2,R3,robocasa_gr1,0.2,2,planned,examples/simBenchmarks/Robocasa_tabletop/train_files/starvla_gr1.yaml,examples/simBenchmarks/Robocasa_tabletop/eval_files/run_eval.sh,16,success_rate,"{""datasets.vla_data.data_fraction"": ""0.2"", ""datasets.vla_data.per_device_batch_size"": ""16"", ""framework.name"": ""QwenOFT"", ""run_id"": ""bb-R3__robocasa_gr1_f020__s2"", ""run_root_dir"": ""playground/Checkpoints/backbone_bench"", ""seed"": ""2"", ""trainer.freeze_modules"": """", ""trainer.learning_rate.action_model"": ""0.0001"", ""trainer.learning_rate.qwen_vl_interface"": ""1e-05"", ""trainer.max_train_steps"": ""30000"", ""trainer.pretrained_checkpoint"": ""playground/Checkpoints/pretrain_R3/checkpoints/steps_100000_pytorch_model.pt"", ""trainer.reload_modules"": ""qwen_vl_interface""}"
bb-R3__robocasa_gr1_f050__s0,R3,robocasa_gr1,0.5,0,planned,examples/simBenchmarks/Robocasa_tabletop/train_files/starvla_gr1.yaml,examples/simBenchmarks/Robocasa_tabletop/eval_files/run_eval.sh,16,success_rate,"{""datasets.vla_data.data_fraction"": ""0.5"", ""datasets.vla_data.per_device_batch_size"": ""16"", ""framework.name"": ""QwenOFT"", ""run_id"": ""bb-R3__robocasa_gr1_f050__s0"", ""run_root_dir"": ""playground/Checkpoints/backbone_bench"", ""seed"": ""0"", ""trainer.freeze_modules"": """", ""trainer.learning_rate.action_model"": ""0.0001"", ""trainer.learning_rate.qwen_vl_interface"": ""1e-05"", ""trainer.max_train_steps"": ""30000"", ""trainer.pretrained_checkpoint"": ""playground/Checkpoints/pretrain_R3/checkpoints/steps_100000_pytorch_model.pt"", ""trainer.reload_modules"": ""qwen_vl_interface""}"
bb-R3__robocasa_gr1_f050__s1,R3,robocasa_gr1,0.5,1,planned,examples/simBenchmarks/Robocasa_tabletop/train_files/starvla_gr1.yaml,examples/simBenchmarks/Robocasa_tabletop/eval_files/run_eval.sh,16,success_rate,"{""datasets.vla_data.data_fraction"": ""0.5"", ""datasets.vla_data.per_device_batch_size"": ""16"", ""framework.name"": ""QwenOFT"", ""run_id"": ""bb-R3__robocasa_gr1_f050__s1"", ""run_root_dir"": ""playground/Checkpoints/backbone_bench"", ""seed"": ""1"", ""trainer.freeze_modules"": """", ""trainer.learning_rate.action_model"": ""0.0001"", ""trainer.learning_rate.qwen_vl_interface"": ""1e-05"", ""trainer.max_train_steps"": ""30000"", ""trainer.pretrained_checkpoint"": ""playground/Checkpoints/pretrain_R3/checkpoints/steps_100000_pytorch_model.pt"", ""trainer.reload_modules"": ""qwen_vl_interface""}"
bb-R3__robocasa_gr1_f050__s2,R3,robocasa_gr1,0.5,2,planned,examples/simBenchmarks/Robocasa_tabletop/train_files/starvla_gr1.yaml,examples/simBenchmarks/Robocasa_tabletop/eval_files/run_eval.sh,16,success_rate,"{""datasets.vla_data.data_fraction"": ""0.5"", ""datasets.vla_data.per_device_batch_size"": ""16"", ""framework.name"": ""QwenOFT"", ""run_id"": ""bb-R3__robocasa_gr1_f050__s2"", ""run_root_dir"": ""playground/Checkpoints/backbone_bench"", ""seed"": ""2"", ""trainer.freeze_modules"": """", ""trainer.learning_rate.action_model"": ""0.0001"", ""trainer.learning_rate.qwen_vl_interface"": ""1e-05"", ""trainer.max_train_steps"": ""30000"", ""trainer.pretrained_checkpoint"": ""playground/Checkpoints/pretrain_R3/checkpoints/steps_100000_pytorch_model.pt"", ""trainer.reload_modules"": ""qwen_vl_interface""}"
bb-R3__robocasa_gr1__s0,R3,robocasa_gr1,1,0,planned,examples/simBenchmarks/Robocasa_tabletop/train_files/starvla_gr1.yaml,examples/simBenchmarks/Robocasa_tabletop/eval_files/run_eval.sh,16,success_rate,"{""datasets.vla_data.per_device_batch_size"": ""16"", ""framework.name"": ""QwenOFT"", ""run_id"": ""bb-R3__robocasa_gr1__s0"", ""run_root_dir"": ""playground/Checkpoints/backbone_bench"", ""seed"": ""0"", ""trainer.freeze_modules"": """", ""trainer.learning_rate.action_model"": ""0.0001"", ""trainer.learning_rate.qwen_vl_interface"": ""1e-05"", ""trainer.max_train_steps"": ""30000"", ""trainer.pretrained_checkpoint"": ""playground/Checkpoints/pretrain_R3/checkpoints/steps_100000_pytorch_model.pt"", ""trainer.reload_modules"": ""qwen_vl_interface""}"
bb-R3__robocasa_gr1__s1,R3,robocasa_gr1,1,1,planned,examples/simBenchmarks/Robocasa_tabletop/train_files/starvla_gr1.yaml,examples/simBenchmarks/Robocasa_tabletop/eval_files/run_eval.sh,16,success_rate,"{""datasets.vla_data.per_device_batch_size"": ""16"", ""framework.name"": ""QwenOFT"", ""run_id"": ""bb-R3__robocasa_gr1__s1"", ""run_root_dir"": ""playground/Checkpoints/backbone_bench"", ""seed"": ""1"", ""trainer.freeze_modules"": """", ""trainer.learning_rate.action_model"": ""0.0001"", ""trainer.learning_rate.qwen_vl_interface"": ""1e-05"", ""trainer.max_train_steps"": ""30000"", ""trainer.pretrained_checkpoint"": ""playground/Checkpoints/pretrain_R3/checkpoints/steps_100000_pytorch_model.pt"", ""trainer.reload_modules"": ""qwen_vl_interface""}"
bb-R3__robocasa_gr1__s2,R3,robocasa_gr1,1,2,planned,examples/simBenchmarks/Robocasa_tabletop/train_files/starvla_gr1.yaml,examples/simBenchmarks/Robocasa_tabletop/eval_files/run_eval.sh,16,success_rate,"{""datasets.vla_data.per_device_batch_size"": ""16"", ""framework.name"": ""QwenOFT"", ""run_id"": ""bb-R3__robocasa_gr1__s2"", ""run_root_dir"": ""playground/Checkpoints/backbone_bench"", ""seed"": ""2"", ""trainer.freeze_modules"": """", ""trainer.learning_rate.action_model"": ""0.0001"", ""trainer.learning_rate.qwen_vl_interface"": ""1e-05"", ""trainer.max_train_steps"": ""30000"", ""trainer.pretrained_checkpoint"": ""playground/Checkpoints/pretrain_R3/checkpoints/steps_100000_pytorch_model.pt"", ""trainer.reload_modules"": ""qwen_vl_interface""}"
bb-R4__robocasa_gr1_f010__s0,R4,robocasa_gr1,0.1,0,planned,examples/simBenchmarks/Robocasa_tabletop/train_files/starvla_gr1.yaml,examples/simBenchmarks/Robocasa_tabletop/eval_files/run_eval.sh,16,success_rate,"{""datasets.vla_data.data_fraction"": ""0.1"", ""datasets.vla_data.per_device_batch_size"": ""16"", ""framework.name"": ""QwenOFT"", ""run_id"": ""bb-R4__robocasa_gr1_f010__s0"", ""run_root_dir"": ""playground/Checkpoints/backbone_bench"", ""seed"": ""0"", ""trainer.freeze_modules"": """", ""trainer.learning_rate.action_model"": ""0.0001"", ""trainer.learning_rate.qwen_vl_interface"": ""1e-05"", ""trainer.max_train_steps"": ""30000"", ""trainer.pretrained_checkpoint"": ""playground/Checkpoints/pretrain_R4/checkpoints/steps_100000_pytorch_model.pt"", ""trainer.reload_modules"": ""qwen_vl_interface""}"
bb-R4__robocasa_gr1_f010__s1,R4,robocasa_gr1,0.1,1,planned,examples/simBenchmarks/Robocasa_tabletop/train_files/starvla_gr1.yaml,examples/simBenchmarks/Robocasa_tabletop/eval_files/run_eval.sh,16,success_rate,"{""datasets.vla_data.data_fraction"": ""0.1"", ""datasets.vla_data.per_device_batch_size"": ""16"", ""framework.name"": ""QwenOFT"", ""run_id"": ""bb-R4__robocasa_gr1_f010__s1"", ""run_root_dir"": ""playground/Checkpoints/backbone_bench"", ""seed"": ""1"", ""trainer.freeze_modules"": """", ""trainer.learning_rate.action_model"": ""0.0001"", ""trainer.learning_rate.qwen_vl_interface"": ""1e-05"", ""trainer.max_train_steps"": ""30000"", ""trainer.pretrained_checkpoint"": ""playground/Checkpoints/pretrain_R4/checkpoints/steps_100000_pytorch_model.pt"", ""trainer.reload_modules"": ""qwen_vl_interface""}"
bb-R4__robocasa_gr1_f010__s2,R4,robocasa_gr1,0.1,2,planned,examples/simBenchmarks/Robocasa_tabletop/train_files/starvla_gr1.yaml,examples/simBenchmarks/Robocasa_tabletop/eval_files/run_eval.sh,16,success_rate,"{""datasets.vla_data.data_fraction"": ""0.1"", ""datasets.vla_data.per_device_batch_size"": ""16"", ""framework.name"": ""QwenOFT"", ""run_id"": ""bb-R4__robocasa_gr1_f010__s2"", ""run_root_dir"": ""playground/Checkpoints/backbone_bench"", ""seed"": ""2"", ""trainer.freeze_modules"": """", ""trainer.learning_rate.action_model"": ""0.0001"", ""trainer.learning_rate.qwen_vl_interface"": ""1e-05"", ""trainer.max_train_steps"": ""30000"", ""trainer.pretrained_checkpoint"": ""playground/Checkpoints/pretrain_R4/checkpoints/steps_100000_pytorch_model.pt"", ""trainer.reload_modules"": ""qwen_vl_interface""}"
bb-R4__robocasa_gr1_f020__s0,R4,robocasa_gr1,0.2,0,planned,examples/simBenchmarks/Robocasa_tabletop/train_files/starvla_gr1.yaml,examples/simBenchmarks/Robocasa_tabletop/eval_files/run_eval.sh,16,success_rate,"{""datasets.vla_data.data_fraction"": ""0.2"", ""datasets.vla_data.per_device_batch_size"": ""16"", ""framework.name"": ""QwenOFT"", ""run_id"": ""bb-R4__robocasa_gr1_f020__s0"", ""run_root_dir"": ""playground/Checkpoints/backbone_bench"", ""seed"": ""0"", ""trainer.freeze_modules"": """", ""trainer.learning_rate.action_model"": ""0.0001"", ""trainer.learning_rate.qwen_vl_interface"": ""1e-05"", ""trainer.max_train_steps"": ""30000"", ""trainer.pretrained_checkpoint"": ""playground/Checkpoints/pretrain_R4/checkpoints/steps_100000_pytorch_model.pt"", ""trainer.reload_modules"": ""qwen_vl_interface""}"
bb-R4__robocasa_gr1_f020__s1,R4,robocasa_gr1,0.2,1,planned,examples/simBenchmarks/Robocasa_tabletop/train_files/starvla_gr1.yaml,examples/simBenchmarks/Robocasa_tabletop/eval_files/run_eval.sh,16,success_rate,"{""datasets.vla_data.data_fraction"": ""0.2"", ""datasets.vla_data.per_device_batch_size"": ""16"", ""framework.name"": ""QwenOFT"", ""run_id"": ""bb-R4__robocasa_gr1_f020__s1"", ""run_root_dir"": ""playground/Checkpoints/backbone_bench"", ""seed"": ""1"", ""trainer.freeze_modules"": """", ""trainer.learning_rate.action_model"": ""0.0001"", ""trainer.learning_rate.qwen_vl_interface"": ""1e-05"", ""trainer.max_train_steps"": ""30000"", ""trainer.pretrained_checkpoint"": ""playground/Checkpoints/pretrain_R4/checkpoints/steps_100000_pytorch_model.pt"", ""trainer.reload_modules"": ""qwen_vl_interface""}"
bb-R4__robocasa_gr1_f020__s2,R4,robocasa_gr1,0.2,2,planned,examples/simBenchmarks/Robocasa_tabletop/train_files/starvla_gr1.yaml,examples/simBenchmarks/Robocasa_tabletop/eval_files/run_eval.sh,16,success_rate,"{""datasets.vla_data.data_fraction"": ""0.2"", ""datasets.vla_data.per_device_batch_size"": ""16"", ""framework.name"": ""QwenOFT"", ""run_id"": ""bb-R4__robocasa_gr1_f020__s2"", ""run_root_dir"": ""playground/Checkpoints/backbone_bench"", ""seed"": ""2"", ""trainer.freeze_modules"": """", ""trainer.learning_rate.action_model"": ""0.0001"", ""trainer.learning_rate.qwen_vl_interface"": ""1e-05"", ""trainer.max_train_steps"": ""30000"", ""trainer.pretrained_checkpoint"": ""playground/Checkpoints/pretrain_R4/checkpoints/steps_100000_pytorch_model.pt"", ""trainer.reload_modules"": ""qwen_vl_interface""}"
bb-R4__robocasa_gr1_f050__s0,R4,robocasa_gr1,0.5,0,planned,examples/simBenchmarks/Robocasa_tabletop/train_files/starvla_gr1.yaml,examples/simBenchmarks/Robocasa_tabletop/eval_files/run_eval.sh,16,success_rate,"{""datasets.vla_data.data_fraction"": ""0.5"", ""datasets.vla_data.per_device_batch_size"": ""16"", ""framework.name"": ""QwenOFT"", ""run_id"": ""bb-R4__robocasa_gr1_f050__s0"", ""run_root_dir"": ""playground/Checkpoints/backbone_bench"", ""seed"": ""0"", ""trainer.freeze_modules"": """", ""trainer.learning_rate.action_model"": ""0.0001"", ""trainer.learning_rate.qwen_vl_interface"": ""1e-05"", ""trainer.max_train_steps"": ""30000"", ""trainer.pretrained_checkpoint"": ""playground/Checkpoints/pretrain_R4/checkpoints/steps_100000_pytorch_model.pt"", ""trainer.reload_modules"": ""qwen_vl_interface""}"
bb-R4__robocasa_gr1_f050__s1,R4,robocasa_gr1,0.5,1,planned,examples/simBenchmarks/Robocasa_tabletop/train_files/starvla_gr1.yaml,examples/simBenchmarks/Robocasa_tabletop/eval_files/run_eval.sh,16,success_rate,"{""datasets.vla_data.data_fraction"": ""0.5"", ""datasets.vla_data.per_device_batch_size"": ""16"", ""framework.name"": ""QwenOFT"", ""run_id"": ""bb-R4__robocasa_gr1_f050__s1"", ""run_root_dir"": ""playground/Checkpoints/backbone_bench"", ""seed"": ""1"", ""trainer.freeze_modules"": """", ""trainer.learning_rate.action_model"": ""0.0001"", ""trainer.learning_rate.qwen_vl_interface"": ""1e-05"", ""trainer.max_train_steps"": ""30000"", ""trainer.pretrained_checkpoint"": ""playground/Checkpoints/pretrain_R4/checkpoints/steps_100000_pytorch_model.pt"", ""trainer.reload_modules"": ""qwen_vl_interface""}"
bb-R4__robocasa_gr1_f050__s2,R4,robocasa_gr1,0.5,2,planned,examples/simBenchmarks/Robocasa_tabletop/train_files/starvla_gr1.yaml,examples/simBenchmarks/Robocasa_tabletop/eval_files/run_eval.sh,16,success_rate,"{""datasets.vla_data.data_fraction"": ""0.5"", ""datasets.vla_data.per_device_batch_size"": ""16"", ""framework.name"": ""QwenOFT"", ""run_id"": ""bb-R4__robocasa_gr1_f050__s2"", ""run_root_dir"": ""playground/Checkpoints/backbone_bench"", ""seed"": ""2"", ""trainer.freeze_modules"": """", ""trainer.learning_rate.action_model"": ""0.0001"", ""trainer.learning_rate.qwen_vl_interface"": ""1e-05"", ""trainer.max_train_steps"": ""30000"", ""trainer.pretrained_checkpoint"": ""playground/Checkpoints/pretrain_R4/checkpoints/steps_100000_pytorch_model.pt"", ""trainer.reload_modules"": ""qwen_vl_interface""}"
bb-R4__robocasa_gr1__s0,R4,robocasa_gr1,1,0,planned,examples/simBenchmarks/Robocasa_tabletop/train_files/starvla_gr1.yaml,examples/simBenchmarks/Robocasa_tabletop/eval_files/run_eval.sh,16,success_rate,"{""datasets.vla_data.per_device_batch_size"": ""16"", ""framework.name"": ""QwenOFT"", ""run_id"": ""bb-R4__robocasa_gr1__s0"", ""run_root_dir"": ""playground/Checkpoints/backbone_bench"", ""seed"": ""0"", ""trainer.freeze_modules"": """", ""trainer.learning_rate.action_model"": ""0.0001"", ""trainer.learning_rate.qwen_vl_interface"": ""1e-05"", ""trainer.max_train_steps"": ""30000"", ""trainer.pretrained_checkpoint"": ""playground/Checkpoints/pretrain_R4/checkpoints/steps_100000_pytorch_model.pt"", ""trainer.reload_modules"": ""qwen_vl_interface""}"
bb-R4__robocasa_gr1__s1,R4,robocasa_gr1,1,1,planned,examples/simBenchmarks/Robocasa_tabletop/train_files/starvla_gr1.yaml,examples/simBenchmarks/Robocasa_tabletop/eval_files/run_eval.sh,16,success_rate,"{""datasets.vla_data.per_device_batch_size"": ""16"", ""framework.name"": ""QwenOFT"", ""run_id"": ""bb-R4__robocasa_gr1__s1"", ""run_root_dir"": ""playground/Checkpoints/backbone_bench"", ""seed"": ""1"", ""trainer.freeze_modules"": """", ""trainer.learning_rate.action_model"": ""0.0001"", ""trainer.learning_rate.qwen_vl_interface"": ""1e-05"", ""trainer.max_train_steps"": ""30000"", ""trainer.pretrained_checkpoint"": ""playground/Checkpoints/pretrain_R4/checkpoints/steps_100000_pytorch_model.pt"", ""trainer.reload_modules"": ""qwen_vl_interface""}"
bb-R4__robocasa_gr1__s2,R4,robocasa_gr1,1,2,planned,examples/simBenchmarks/Robocasa_tabletop/train_files/starvla_gr1.yaml,examples/simBenchmarks/Robocasa_tabletop/eval_files/run_eval.sh,16,success_rate,"{""datasets.vla_data.per_device_batch_size"": ""16"", ""framework.name"": ""QwenOFT"", ""run_id"": ""bb-R4__robocasa_gr1__s2"", ""run_root_dir"": ""playground/Checkpoints/backbone_bench"", ""seed"": ""2"", ""trainer.freeze_modules"": """", ""trainer.learning_rate.action_model"": ""0.0001"", ""trainer.learning_rate.qwen_vl_interface"": ""1e-05"", ""trainer.max_train_steps"": ""30000"", ""trainer.pretrained_checkpoint"": ""playground/Checkpoints/pretrain_R4/checkpoints/steps_100000_pytorch_model.pt"", ""trainer.reload_modules"": ""qwen_vl_interface""}"
bb-R5__robocasa_gr1_f010__s0,R5,robocasa_gr1,0.1,0,planned,examples/simBenchmarks/Robocasa_tabletop/train_files/starvla_gr1.yaml,examples/simBenchmarks/Robocasa_tabletop/eval_files/run_eval.sh,16,success_rate,"{""datasets.vla_data.data_fraction"": ""0.1"", ""datasets.vla_data.per_device_batch_size"": ""16"", ""framework.name"": ""QwenOFT"", ""run_id"": ""bb-R5__robocasa_gr1_f010__s0"", ""run_root_dir"": ""playground/Checkpoints/backbone_bench"", ""seed"": ""0"", ""trainer.freeze_modules"": """", ""trainer.learning_rate.action_model"": ""0.0001"", ""trainer.learning_rate.qwen_vl_interface"": ""1e-05"", ""trainer.max_train_steps"": ""30000"", ""trainer.pretrained_checkpoint"": ""playground/Checkpoints/pretrain_R5/checkpoints/steps_100000_pytorch_model.pt"", ""trainer.reload_modules"": ""qwen_vl_interface""}"
bb-R5__robocasa_gr1_f010__s1,R5,robocasa_gr1,0.1,1,planned,examples/simBenchmarks/Robocasa_tabletop/train_files/starvla_gr1.yaml,examples/simBenchmarks/Robocasa_tabletop/eval_files/run_eval.sh,16,success_rate,"{""datasets.vla_data.data_fraction"": ""0.1"", ""datasets.vla_data.per_device_batch_size"": ""16"", ""framework.name"": ""QwenOFT"", ""run_id"": ""bb-R5__robocasa_gr1_f010__s1"", ""run_root_dir"": ""playground/Checkpoints/backbone_bench"", ""seed"": ""1"", ""trainer.freeze_modules"": """", ""trainer.learning_rate.action_model"": ""0.0001"", ""trainer.learning_rate.qwen_vl_interface"": ""1e-05"", ""trainer.max_train_steps"": ""30000"", ""trainer.pretrained_checkpoint"": ""playground/Checkpoints/pretrain_R5/checkpoints/steps_100000_pytorch_model.pt"", ""trainer.reload_modules"": ""qwen_vl_interface""}"
bb-R5__robocasa_gr1_f010__s2,R5,robocasa_gr1,0.1,2,planned,examples/simBenchmarks/Robocasa_tabletop/train_files/starvla_gr1.yaml,examples/simBenchmarks/Robocasa_tabletop/eval_files/run_eval.sh,16,success_rate,"{""datasets.vla_data.data_fraction"": ""0.1"", ""datasets.vla_data.per_device_batch_size"": ""16"", ""framework.name"": ""QwenOFT"", ""run_id"": ""bb-R5__robocasa_gr1_f010__s2"", ""run_root_dir"": ""playground/Checkpoints/backbone_bench"", ""seed"": ""2"", ""trainer.freeze_modules"": """", ""trainer.learning_rate.action_model"": ""0.0001"", ""trainer.learning_rate.qwen_vl_interface"": ""1e-05"", ""trainer.max_train_steps"": ""30000"", ""trainer.pretrained_checkpoint"": ""playground/Checkpoints/pretrain_R5/checkpoints/steps_100000_pytorch_model.pt"", ""trainer.reload_modules"": ""qwen_vl_interface""}"
bb-R5__robocasa_gr1_f020__s0,R5,robocasa_gr1,0.2,0,planned,examples/simBenchmarks/Robocasa_tabletop/train_files/starvla_gr1.yaml,examples/simBenchmarks/Robocasa_tabletop/eval_files/run_eval.sh,16,success_rate,"{""datasets.vla_data.data_fraction"": ""0.2"", ""datasets.vla_data.per_device_batch_size"": ""16"", ""framework.name"": ""QwenOFT"", ""run_id"": ""bb-R5__robocasa_gr1_f020__s0"", ""run_root_dir"": ""playground/Checkpoints/backbone_bench"", ""seed"": ""0"", ""trainer.freeze_modules"": """", ""trainer.learning_rate.action_model"": ""0.0001"", ""trainer.learning_rate.qwen_vl_interface"": ""1e-05"", ""trainer.max_train_steps"": ""30000"", ""trainer.pretrained_checkpoint"": ""playground/Checkpoints/pretrain_R5/checkpoints/steps_100000_pytorch_model.pt"", ""trainer.reload_modules"": ""qwen_vl_interface""}"
bb-R5__robocasa_gr1_f020__s1,R5,robocasa_gr1,0.2,1,planned,examples/simBenchmarks/Robocasa_tabletop/train_files/starvla_gr1.yaml,examples/simBenchmarks/Robocasa_tabletop/eval_files/run_eval.sh,16,success_rate,"{""datasets.vla_data.data_fraction"": ""0.2"", ""datasets.vla_data.per_device_batch_size"": ""16"", ""framework.name"": ""QwenOFT"", ""run_id"": ""bb-R5__robocasa_gr1_f020__s1"", ""run_root_dir"": ""playground/Checkpoints/backbone_bench"", ""seed"": ""1"", ""trainer.freeze_modules"": """", ""trainer.learning_rate.action_model"": ""0.0001"", ""trainer.learning_rate.qwen_vl_interface"": ""1e-05"", ""trainer.max_train_steps"": ""30000"", ""trainer.pretrained_checkpoint"": ""playground/Checkpoints/pretrain_R5/checkpoints/steps_100000_pytorch_model.pt"", ""trainer.reload_modules"": ""qwen_vl_interface""}"
bb-R5__robocasa_gr1_f020__s2,R5,robocasa_gr1,0.2,2,planned,examples/simBenchmarks/Robocasa_tabletop/train_files/starvla_gr1.yaml,examples/simBenchmarks/Robocasa_tabletop/eval_files/run_eval.sh,16,success_rate,"{""datasets.vla_data.data_fraction"": ""0.2"", ""datasets.vla_data.per_device_batch_size"": ""16"", ""framework.name"": ""QwenOFT"", ""run_id"": ""bb-R5__robocasa_gr1_f020__s2"", ""run_root_dir"": ""playground/Checkpoints/backbone_bench"", ""seed"": ""2"", ""trainer.freeze_modules"": """", ""trainer.learning_rate.action_model"": ""0.0001"", ""trainer.learning_rate.qwen_vl_interface"": ""1e-05"", ""trainer.max_train_steps"": ""30000"", ""trainer.pretrained_checkpoint"": ""playground/Checkpoints/pretrain_R5/checkpoints/steps_100000_pytorch_model.pt"", ""trainer.reload_modules"": ""qwen_vl_interface""}"
bb-R5__robocasa_gr1_f050__s0,R5,robocasa_gr1,0.5,0,planned,examples/simBenchmarks/Robocasa_tabletop/train_files/starvla_gr1.yaml,examples/simBenchmarks/Robocasa_tabletop/eval_files/run_eval.sh,16,success_rate,"{""datasets.vla_data.data_fraction"": ""0.5"", ""datasets.vla_data.per_device_batch_size"": ""16"", ""framework.name"": ""QwenOFT"", ""run_id"": ""bb-R5__robocasa_gr1_f050__s0"", ""run_root_dir"": ""playground/Checkpoints/backbone_bench"", ""seed"": ""0"", ""trainer.freeze_modules"": """", ""trainer.learning_rate.action_model"": ""0.0001"", ""trainer.learning_rate.qwen_vl_interface"": ""1e-05"", ""trainer.max_train_steps"": ""30000"", ""trainer.pretrained_checkpoint"": ""playground/Checkpoints/pretrain_R5/checkpoints/steps_100000_pytorch_model.pt"", ""trainer.reload_modules"": ""qwen_vl_interface""}"
bb-R5__robocasa_gr1_f050__s1,R5,robocasa_gr1,0.5,1,planned,examples/simBenchmarks/Robocasa_tabletop/train_files/starvla_gr1.yaml,examples/simBenchmarks/Robocasa_tabletop/eval_files/run_eval.sh,16,success_rate,"{""datasets.vla_data.data_fraction"": ""0.5"", ""datasets.vla_data.per_device_batch_size"": ""16"", ""framework.name"": ""QwenOFT"", ""run_id"": ""bb-R5__robocasa_gr1_f050__s1"", ""run_root_dir"": ""playground/Checkpoints/backbone_bench"", ""seed"": ""1"", ""trainer.freeze_modules"": """", ""trainer.learning_rate.action_model"": ""0.0001"", ""trainer.learning_rate.qwen_vl_interface"": ""1e-05"", ""trainer.max_train_steps"": ""30000"", ""trainer.pretrained_checkpoint"": ""playground/Checkpoints/pretrain_R5/checkpoints/steps_100000_pytorch_model.pt"", ""trainer.reload_modules"": ""qwen_vl_interface""}"
bb-R5__robocasa_gr1_f050__s2,R5,robocasa_gr1,0.5,2,planned,examples/simBenchmarks/Robocasa_tabletop/train_files/starvla_gr1.yaml,examples/simBenchmarks/Robocasa_tabletop/eval_files/run_eval.sh,16,success_rate,"{""datasets.vla_data.data_fraction"": ""0.5"", ""datasets.vla_data.per_device_batch_size"": ""16"", ""framework.name"": ""QwenOFT"", ""run_id"": ""bb-R5__robocasa_gr1_f050__s2"", ""run_root_dir"": ""playground/Checkpoints/backbone_bench"", ""seed"": ""2"", ""trainer.freeze_modules"": """", ""trainer.learning_rate.action_model"": ""0.0001"", ""trainer.learning_rate.qwen_vl_interface"": ""1e-05"", ""trainer.max_train_steps"": ""30000"", ""trainer.pretrained_checkpoint"": ""playground/Checkpoints/pretrain_R5/checkpoints/steps_100000_pytorch_model.pt"", ""trainer.reload_modules"": ""qwen_vl_interface""}"
bb-R5__robocasa_gr1__s0,R5,robocasa_gr1,1,0,planned,examples/simBenchmarks/Robocasa_tabletop/train_files/starvla_gr1.yaml,examples/simBenchmarks/Robocasa_tabletop/eval_files/run_eval.sh,16,success_rate,"{""datasets.vla_data.per_device_batch_size"": ""16"", ""framework.name"": ""QwenOFT"", ""run_id"": ""bb-R5__robocasa_gr1__s0"", ""run_root_dir"": ""playground/Checkpoints/backbone_bench"", ""seed"": ""0"", ""trainer.freeze_modules"": """", ""trainer.learning_rate.action_model"": ""0.0001"", ""trainer.learning_rate.qwen_vl_interface"": ""1e-05"", ""trainer.max_train_steps"": ""30000"", ""trainer.pretrained_checkpoint"": ""playground/Checkpoints/pretrain_R5/checkpoints/steps_100000_pytorch_model.pt"", ""trainer.reload_modules"": ""qwen_vl_interface""}"
bb-R5__robocasa_gr1__s1,R5,robocasa_gr1,1,1,planned,examples/simBenchmarks/Robocasa_tabletop/train_files/starvla_gr1.yaml,examples/simBenchmarks/Robocasa_tabletop/eval_files/run_eval.sh,16,success_rate,"{""datasets.vla_data.per_device_batch_size"": ""16"", ""framework.name"": ""QwenOFT"", ""run_id"": ""bb-R5__robocasa_gr1__s1"", ""run_root_dir"": ""playground/Checkpoints/backbone_bench"", ""seed"": ""1"", ""trainer.freeze_modules"": """", ""trainer.learning_rate.action_model"": ""0.0001"", ""trainer.learning_rate.qwen_vl_interface"": ""1e-05"", ""trainer.max_train_steps"": ""30000"", ""trainer.pretrained_checkpoint"": ""playground/Checkpoints/pretrain_R5/checkpoints/steps_100000_pytorch_model.pt"", ""trainer.reload_modules"": ""qwen_vl_interface""}"
bb-R5__robocasa_gr1__s2,R5,robocasa_gr1,1,2,planned,examples/simBenchmarks/Robocasa_tabletop/train_files/starvla_gr1.yaml,examples/simBenchmarks/Robocasa_tabletop/eval_files/run_eval.sh,16,success_rate,"{""datasets.vla_data.per_device_batch_size"": ""16"", ""framework.name"": ""QwenOFT"", ""run_id"": ""bb-R5__robocasa_gr1__s2"", ""run_root_dir"": ""playground/Checkpoints/backbone_bench"", ""seed"": ""2"", ""trainer.freeze_modules"": """", ""trainer.learning_rate.action_model"": ""0.0001"", ""trainer.learning_rate.qwen_vl_interface"": ""1e-05"", ""trainer.max_train_steps"": ""30000"", ""trainer.pretrained_checkpoint"": ""playground/Checkpoints/pretrain_R5/checkpoints/steps_100000_pytorch_model.pt"", ""trainer.reload_modules"": ""qwen_vl_interface""}"
bb-R6__robocasa_gr1_f010__s0,R6,robocasa_gr1,0.1,0,planned,examples/simBenchmarks/Robocasa_tabletop/train_files/starvla_gr1.yaml,examples/simBenchmarks/Robocasa_tabletop/eval_files/run_eval.sh,16,success_rate,"{""datasets.vla_data.data_fraction"": ""0.1"", ""datasets.vla_data.per_device_batch_size"": ""16"", ""framework.name"": ""QwenOFT"", ""run_id"": ""bb-R6__robocasa_gr1_f010__s0"", ""run_root_dir"": ""playground/Checkpoints/backbone_bench"", ""seed"": ""0"", ""trainer.freeze_modules"": """", ""trainer.learning_rate.action_model"": ""0.0001"", ""trainer.learning_rate.qwen_vl_interface"": ""1e-05"", ""trainer.max_train_steps"": ""30000"", ""trainer.pretrained_checkpoint"": ""playground/Checkpoints/pretrain_R6/checkpoints/steps_100000_pytorch_model.pt"", ""trainer.reload_modules"": ""qwen_vl_interface""}"
bb-R6__robocasa_gr1_f010__s1,R6,robocasa_gr1,0.1,1,planned,examples/simBenchmarks/Robocasa_tabletop/train_files/starvla_gr1.yaml,examples/simBenchmarks/Robocasa_tabletop/eval_files/run_eval.sh,16,success_rate,"{""datasets.vla_data.data_fraction"": ""0.1"", ""datasets.vla_data.per_device_batch_size"": ""16"", ""framework.name"": ""QwenOFT"", ""run_id"": ""bb-R6__robocasa_gr1_f010__s1"", ""run_root_dir"": ""playground/Checkpoints/backbone_bench"", ""seed"": ""1"", ""trainer.freeze_modules"": """", ""trainer.learning_rate.action_model"": ""0.0001"", ""trainer.learning_rate.qwen_vl_interface"": ""1e-05"", ""trainer.max_train_steps"": ""30000"", ""trainer.pretrained_checkpoint"": ""playground/Checkpoints/pretrain_R6/checkpoints/steps_100000_pytorch_model.pt"", ""trainer.reload_modules"": ""qwen_vl_interface""}"
bb-R6__robocasa_gr1_f010__s2,R6,robocasa_gr1,0.1,2,planned,examples/simBenchmarks/Robocasa_tabletop/train_files/starvla_gr1.yaml,examples/simBenchmarks/Robocasa_tabletop/eval_files/run_eval.sh,16,success_rate,"{""datasets.vla_data.data_fraction"": ""0.1"", ""datasets.vla_data.per_device_batch_size"": ""16"", ""framework.name"": ""QwenOFT"", ""run_id"": ""bb-R6__robocasa_gr1_f010__s2"", ""run_root_dir"": ""playground/Checkpoints/backbone_bench"", ""seed"": ""2"", ""trainer.freeze_modules"": """", ""trainer.learning_rate.action_model"": ""0.0001"", ""trainer.learning_rate.qwen_vl_interface"": ""1e-05"", ""trainer.max_train_steps"": ""30000"", ""trainer.pretrained_checkpoint"": ""playground/Checkpoints/pretrain_R6/checkpoints/steps_100000_pytorch_model.pt"", ""trainer.reload_modules"": ""qwen_vl_interface""}"
bb-R6__robocasa_gr1_f020__s0,R6,robocasa_gr1,0.2,0,planned,examples/simBenchmarks/Robocasa_tabletop/train_files/starvla_gr1.yaml,examples/simBenchmarks/Robocasa_tabletop/eval_files/run_eval.sh,16,success_rate,"{""datasets.vla_data.data_fraction"": ""0.2"", ""datasets.vla_data.per_device_batch_size"": ""16"", ""framework.name"": ""QwenOFT"", ""run_id"": ""bb-R6__robocasa_gr1_f020__s0"", ""run_root_dir"": ""playground/Checkpoints/backbone_bench"", ""seed"": ""0"", ""trainer.freeze_modules"": """", ""trainer.learning_rate.action_model"": ""0.0001"", ""trainer.learning_rate.qwen_vl_interface"": ""1e-05"", ""trainer.max_train_steps"": ""30000"", ""trainer.pretrained_checkpoint"": ""playground/Checkpoints/pretrain_R6/checkpoints/steps_100000_pytorch_model.pt"", ""trainer.reload_modules"": ""qwen_vl_interface""}"
bb-R6__robocasa_gr1_f020__s1,R6,robocasa_gr1,0.2,1,planned,examples/simBenchmarks/Robocasa_tabletop/train_files/starvla_gr1.yaml,examples/simBenchmarks/Robocasa_tabletop/eval_files/run_eval.sh,16,success_rate,"{""datasets.vla_data.data_fraction"": ""0.2"", ""datasets.vla_data.per_device_batch_size"": ""16"", ""framework.name"": ""QwenOFT"", ""run_id"": ""bb-R6__robocasa_gr1_f020__s1"", ""run_root_dir"": ""playground/Checkpoints/backbone_bench"", ""seed"": ""1"", ""trainer.freeze_modules"": """", ""trainer.learning_rate.action_model"": ""0.0001"", ""trainer.learning_rate.qwen_vl_interface"": ""1e-05"", ""trainer.max_train_steps"": ""30000"", ""trainer.pretrained_checkpoint"": ""playground/Checkpoints/pretrain_R6/checkpoints/steps_100000_pytorch_model.pt"", ""trainer.reload_modules"": ""qwen_vl_interface""}"
bb-R6__robocasa_gr1_f020__s2,R6,robocasa_gr1,0.2,2,planned,examples/simBenchmarks/Robocasa_tabletop/train_files/starvla_gr1.yaml,examples/simBenchmarks/Robocasa_tabletop/eval_files/run_eval.sh,16,success_rate,"{""datasets.vla_data.data_fraction"": ""0.2"", ""datasets.vla_data.per_device_batch_size"": ""16"", ""framework.name"": ""QwenOFT"", ""run_id"": ""bb-R6__robocasa_gr1_f020__s2"", ""run_root_dir"": ""playground/Checkpoints/backbone_bench"", ""seed"": ""2"", ""trainer.freeze_modules"": """", ""trainer.learning_rate.action_model"": ""0.0001"", ""trainer.learning_rate.qwen_vl_interface"": ""1e-05"", ""trainer.max_train_steps"": ""30000"", ""trainer.pretrained_checkpoint"": ""playground/Checkpoints/pretrain_R6/checkpoints/steps_100000_pytorch_model.pt"", ""trainer.reload_modules"": ""qwen_vl_interface""}"
bb-R6__robocasa_gr1_f050__s0,R6,robocasa_gr1,0.5,0,planned,examples/simBenchmarks/Robocasa_tabletop/train_files/starvla_gr1.yaml,examples/simBenchmarks/Robocasa_tabletop/eval_files/run_eval.sh,16,success_rate,"{""datasets.vla_data.data_fraction"": ""0.5"", ""datasets.vla_data.per_device_batch_size"": ""16"", ""framework.name"": ""QwenOFT"", ""run_id"": ""bb-R6__robocasa_gr1_f050__s0"", ""run_root_dir"": ""playground/Checkpoints/backbone_bench"", ""seed"": ""0"", ""trainer.freeze_modules"": """", ""trainer.learning_rate.action_model"": ""0.0001"", ""trainer.learning_rate.qwen_vl_interface"": ""1e-05"", ""trainer.max_train_steps"": ""30000"", ""trainer.pretrained_checkpoint"": ""playground/Checkpoints/pretrain_R6/checkpoints/steps_100000_pytorch_model.pt"", ""trainer.reload_modules"": ""qwen_vl_interface""}"
bb-R6__robocasa_gr1_f050__s1,R6,robocasa_gr1,0.5,1,planned,examples/simBenchmarks/Robocasa_tabletop/train_files/starvla_gr1.yaml,examples/simBenchmarks/Robocasa_tabletop/eval_files/run_eval.sh,16,success_rate,"{""datasets.vla_data.data_fraction"": ""0.5"", ""datasets.vla_data.per_device_batch_size"": ""16"", ""framework.name"": ""QwenOFT"", ""run_id"": ""bb-R6__robocasa_gr1_f050__s1"", ""run_root_dir"": ""playground/Checkpoints/backbone_bench"", ""seed"": ""1"", ""trainer.freeze_modules"": """", ""trainer.learning_rate.action_model"": ""0.0001"", ""trainer.learning_rate.qwen_vl_interface"": ""1e-05"", ""trainer.max_train_steps"": ""30000"", ""trainer.pretrained_checkpoint"": ""playground/Checkpoints/pretrain_R6/checkpoints/steps_100000_pytorch_model.pt"", ""trainer.reload_modules"": ""qwen_vl_interface""}"
bb-R6__robocasa_gr1_f050__s2,R6,robocasa_gr1,0.5,2,planned,examples/simBenchmarks/Robocasa_tabletop/train_files/starvla_gr1.yaml,examples/simBenchmarks/Robocasa_tabletop/eval_files/run_eval.sh,16,success_rate,"{""datasets.vla_data.data_fraction"": ""0.5"", ""datasets.vla_data.per_device_batch_size"": ""16"", ""framework.name"": ""QwenOFT"", ""run_id"": ""bb-R6__robocasa_gr1_f050__s2"", ""run_root_dir"": ""playground/Checkpoints/backbone_bench"", ""seed"": ""2"", ""trainer.freeze_modules"": """", ""trainer.learning_rate.action_model"": ""0.0001"", ""trainer.learning_rate.qwen_vl_interface"": ""1e-05"", ""trainer.max_train_steps"": ""30000"", ""trainer.pretrained_checkpoint"": ""playground/Checkpoints/pretrain_R6/checkpoints/steps_100000_pytorch_model.pt"", ""trainer.reload_modules"": ""qwen_vl_interface""}"
bb-R6__robocasa_gr1__s0,R6,robocasa_gr1,1,0,planned,examples/simBenchmarks/Robocasa_tabletop/train_files/starvla_gr1.yaml,examples/simBenchmarks/Robocasa_tabletop/eval_files/run_eval.sh,16,success_rate,"{""datasets.vla_data.per_device_batch_size"": ""16"", ""framework.name"": ""QwenOFT"", ""run_id"": ""bb-R6__robocasa_gr1__s0"", ""run_root_dir"": ""playground/Checkpoints/backbone_bench"", ""seed"": ""0"", ""trainer.freeze_modules"": """", ""trainer.learning_rate.action_model"": ""0.0001"", ""trainer.learning_rate.qwen_vl_interface"": ""1e-05"", ""trainer.max_train_steps"": ""30000"", ""trainer.pretrained_checkpoint"": ""playground/Checkpoints/pretrain_R6/checkpoints/steps_100000_pytorch_model.pt"", ""trainer.reload_modules"": ""qwen_vl_interface""}"
bb-R6__robocasa_gr1__s1,R6,robocasa_gr1,1,1,planned,examples/simBenchmarks/Robocasa_tabletop/train_files/starvla_gr1.yaml,examples/simBenchmarks/Robocasa_tabletop/eval_files/run_eval.sh,16,success_rate,"{""datasets.vla_data.per_device_batch_size"": ""16"", ""framework.name"": ""QwenOFT"", ""run_id"": ""bb-R6__robocasa_gr1__s1"", ""run_root_dir"": ""playground/Checkpoints/backbone_bench"", ""seed"": ""1"", ""trainer.freeze_modules"": """", ""trainer.learning_rate.action_model"": ""0.0001"", ""trainer.learning_rate.qwen_vl_interface"": ""1e-05"", ""trainer.max_train_steps"": ""30000"", ""trainer.pretrained_checkpoint"": ""playground/Checkpoints/pretrain_R6/checkpoints/steps_100000_pytorch_model.pt"", ""trainer.reload_modules"": ""qwen_vl_interface""}"
bb-R6__robocasa_gr1__s2,R6,robocasa_gr1,1,2,planned,examples/simBenchmarks/Robocasa_tabletop/train_files/starvla_gr1.yaml,examples/simBenchmarks/Robocasa_tabletop/eval_files/run_eval.sh,16,success_rate,"{""datasets.vla_data.per_device_batch_size"": ""16"", ""framework.name"": ""QwenOFT"", ""run_id"": ""bb-R6__robocasa_gr1__s2"", ""run_root_dir"": ""playground/Checkpoints/backbone_bench"", ""seed"": ""2"", ""trainer.freeze_modules"": """", ""trainer.learning_rate.action_model"": ""0.0001"", ""trainer.learning_rate.qwen_vl_interface"": ""1e-05"", ""trainer.max_train_steps"": ""30000"", ""trainer.pretrained_checkpoint"": ""playground/Checkpoints/pretrain_R6/checkpoints/steps_100000_pytorch_model.pt"", ""trainer.reload_modules"": ""qwen_vl_interface""}"
bb-R7__robocasa_gr1_f010__s0,R7,robocasa_gr1,0.1,0,planned,examples/simBenchmarks/Robocasa_tabletop/train_files/starvla_gr1.yaml,examples/simBenchmarks/Robocasa_tabletop/eval_files/run_eval.sh,16,success_rate,"{""datasets.vla_data.data_fraction"": ""0.1"", ""datasets.vla_data.per_device_batch_size"": ""16"", ""framework.name"": ""QwenOFT"", ""run_id"": ""bb-R7__robocasa_gr1_f010__s0"", ""run_root_dir"": ""playground/Checkpoints/backbone_bench"", ""seed"": ""0"", ""trainer.freeze_modules"": """", ""trainer.learning_rate.action_model"": ""0.0001"", ""trainer.learning_rate.qwen_vl_interface"": ""1e-05"", ""trainer.max_train_steps"": ""30000"", ""trainer.pretrained_checkpoint"": ""playground/Checkpoints/pretrain_R7/checkpoints/steps_100000_pytorch_model.pt"", ""trainer.reload_modules"": ""qwen_vl_interface""}"
bb-R7__robocasa_gr1_f010__s1,R7,robocasa_gr1,0.1,1,planned,examples/simBenchmarks/Robocasa_tabletop/train_files/starvla_gr1.yaml,examples/simBenchmarks/Robocasa_tabletop/eval_files/run_eval.sh,16,success_rate,"{""datasets.vla_data.data_fraction"": ""0.1"", ""datasets.vla_data.per_device_batch_size"": ""16"", ""framework.name"": ""QwenOFT"", ""run_id"": ""bb-R7__robocasa_gr1_f010__s1"", ""run_root_dir"": ""playground/Checkpoints/backbone_bench"", ""seed"": ""1"", ""trainer.freeze_modules"": """", ""trainer.learning_rate.action_model"": ""0.0001"", ""trainer.learning_rate.qwen_vl_interface"": ""1e-05"", ""trainer.max_train_steps"": ""30000"", ""trainer.pretrained_checkpoint"": ""playground/Checkpoints/pretrain_R7/checkpoints/steps_100000_pytorch_model.pt"", ""trainer.reload_modules"": ""qwen_vl_interface""}"
bb-R7__robocasa_gr1_f010__s2,R7,robocasa_gr1,0.1,2,planned,examples/simBenchmarks/Robocasa_tabletop/train_files/starvla_gr1.yaml,examples/simBenchmarks/Robocasa_tabletop/eval_files/run_eval.sh,16,success_rate,"{""datasets.vla_data.data_fraction"": ""0.1"", ""datasets.vla_data.per_device_batch_size"": ""16"", ""framework.name"": ""QwenOFT"", ""run_id"": ""bb-R7__robocasa_gr1_f010__s2"", ""run_root_dir"": ""playground/Checkpoints/backbone_bench"", ""seed"": ""2"", ""trainer.freeze_modules"": """", ""trainer.learning_rate.action_model"": ""0.0001"", ""trainer.learning_rate.qwen_vl_interface"": ""1e-05"", ""trainer.max_train_steps"": ""30000"", ""trainer.pretrained_checkpoint"": ""playground/Checkpoints/pretrain_R7/checkpoints/steps_100000_pytorch_model.pt"", ""trainer.reload_modules"": ""qwen_vl_interface""}"
bb-R7__robocasa_gr1_f020__s0,R7,robocasa_gr1,0.2,0,planned,examples/simBenchmarks/Robocasa_tabletop/train_files/starvla_gr1.yaml,examples/simBenchmarks/Robocasa_tabletop/eval_files/run_eval.sh,16,success_rate,"{""datasets.vla_data.data_fraction"": ""0.2"", ""datasets.vla_data.per_device_batch_size"": ""16"", ""framework.name"": ""QwenOFT"", ""run_id"": ""bb-R7__robocasa_gr1_f020__s0"", ""run_root_dir"": ""playground/Checkpoints/backbone_bench"", ""seed"": ""0"", ""trainer.freeze_modules"": """", ""trainer.learning_rate.action_model"": ""0.0001"", ""trainer.learning_rate.qwen_vl_interface"": ""1e-05"", ""trainer.max_train_steps"": ""30000"", ""trainer.pretrained_checkpoint"": ""playground/Checkpoints/pretrain_R7/checkpoints/steps_100000_pytorch_model.pt"", ""trainer.reload_modules"": ""qwen_vl_interface""}"
bb-R7__robocasa_gr1_f020__s1,R7,robocasa_gr1,0.2,1,planned,examples/simBenchmarks/Robocasa_tabletop/train_files/starvla_gr1.yaml,examples/simBenchmarks/Robocasa_tabletop/eval_files/run_eval.sh,16,success_rate,"{""datasets.vla_data.data_fraction"": ""0.2"", ""datasets.vla_data.per_device_batch_size"": ""16"", ""framework.name"": ""QwenOFT"", ""run_id"": ""bb-R7__robocasa_gr1_f020__s1"", ""run_root_dir"": ""playground/Checkpoints/backbone_bench"", ""seed"": ""1"", ""trainer.freeze_modules"": """", ""trainer.learning_rate.action_model"": ""0.0001"", ""trainer.learning_rate.qwen_vl_interface"": ""1e-05"", ""trainer.max_train_steps"": ""30000"", ""trainer.pretrained_checkpoint"": ""playground/Checkpoints/pretrain_R7/checkpoints/steps_100000_pytorch_model.pt"", ""trainer.reload_modules"": ""qwen_vl_interface""}"
bb-R7__robocasa_gr1_f020__s2,R7,robocasa_gr1,0.2,2,planned,examples/simBenchmarks/Robocasa_tabletop/train_files/starvla_gr1.yaml,examples/simBenchmarks/Robocasa_tabletop/eval_files/run_eval.sh,16,success_rate,"{""datasets.vla_data.data_fraction"": ""0.2"", ""datasets.vla_data.per_device_batch_size"": ""16"", ""framework.name"": ""QwenOFT"", ""run_id"": ""bb-R7__robocasa_gr1_f020__s2"", ""run_root_dir"": ""playground/Checkpoints/backbone_bench"", ""seed"": ""2"", ""trainer.freeze_modules"": """", ""trainer.learning_rate.action_model"": ""0.0001"", ""trainer.learning_rate.qwen_vl_interface"": ""1e-05"", ""trainer.max_train_steps"": ""30000"", ""trainer.pretrained_checkpoint"": ""playground/Checkpoints/pretrain_R7/checkpoints/steps_100000_pytorch_model.pt"", ""trainer.reload_modules"": ""qwen_vl_interface""}"
bb-R7__robocasa_gr1_f050__s0,R7,robocasa_gr1,0.5,0,planned,examples/simBenchmarks/Robocasa_tabletop/train_files/starvla_gr1.yaml,examples/simBenchmarks/Robocasa_tabletop/eval_files/run_eval.sh,16,success_rate,"{""datasets.vla_data.data_fraction"": ""0.5"", ""datasets.vla_data.per_device_batch_size"": ""16"", ""framework.name"": ""QwenOFT"", ""run_id"": ""bb-R7__robocasa_gr1_f050__s0"", ""run_root_dir"": ""playground/Checkpoints/backbone_bench"", ""seed"": ""0"", ""trainer.freeze_modules"": """", ""trainer.learning_rate.action_model"": ""0.0001"", ""trainer.learning_rate.qwen_vl_interface"": ""1e-05"", ""trainer.max_train_steps"": ""30000"", ""trainer.pretrained_checkpoint"": ""playground/Checkpoints/pretrain_R7/checkpoints/steps_100000_pytorch_model.pt"", ""trainer.reload_modules"": ""qwen_vl_interface""}"
bb-R7__robocasa_gr1_f050__s1,R7,robocasa_gr1,0.5,1,planned,examples/simBenchmarks/Robocasa_tabletop/train_files/starvla_gr1.yaml,examples/simBenchmarks/Robocasa_tabletop/eval_files/run_eval.sh,16,success_rate,"{""datasets.vla_data.data_fraction"": ""0.5"", ""datasets.vla_data.per_device_batch_size"": ""16"", ""framework.name"": ""QwenOFT"", ""run_id"": ""bb-R7__robocasa_gr1_f050__s1"", ""run_root_dir"": ""playground/Checkpoints/backbone_bench"", ""seed"": ""1"", ""trainer.freeze_modules"": """", ""trainer.learning_rate.action_model"": ""0.0001"", ""trainer.learning_rate.qwen_vl_interface"": ""1e-05"", ""trainer.max_train_steps"": ""30000"", ""trainer.pretrained_checkpoint"": ""playground/Checkpoints/pretrain_R7/checkpoints/steps_100000_pytorch_model.pt"", ""trainer.reload_modules"": ""qwen_vl_interface""}"
bb-R7__robocasa_gr1_f050__s2,R7,robocasa_gr1,0.5,2,planned,examples/simBenchmarks/Robocasa_tabletop/train_files/starvla_gr1.yaml,examples/simBenchmarks/Robocasa_tabletop/eval_files/run_eval.sh,16,success_rate,"{""datasets.vla_data.data_fraction"": ""0.5"", ""datasets.vla_data.per_device_batch_size"": ""16"", ""framework.name"": ""QwenOFT"", ""run_id"": ""bb-R7__robocasa_gr1_f050__s2"", ""run_root_dir"": ""playground/Checkpoints/backbone_bench"", ""seed"": ""2"", ""trainer.freeze_modules"": """", ""trainer.learning_rate.action_model"": ""0.0001"", ""trainer.learning_rate.qwen_vl_interface"": ""1e-05"", ""trainer.max_train_steps"": ""30000"", ""trainer.pretrained_checkpoint"": ""playground/Checkpoints/pretrain_R7/checkpoints/steps_100000_pytorch_model.pt"", ""trainer.reload_modules"": ""qwen_vl_interface""}"
bb-R7__robocasa_gr1__s0,R7,robocasa_gr1,1,0,planned,examples/simBenchmarks/Robocasa_tabletop/train_files/starvla_gr1.yaml,examples/simBenchmarks/Robocasa_tabletop/eval_files/run_eval.sh,16,success_rate,"{""datasets.vla_data.per_device_batch_size"": ""16"", ""framework.name"": ""QwenOFT"", ""run_id"": ""bb-R7__robocasa_gr1__s0"", ""run_root_dir"": ""playground/Checkpoints/backbone_bench"", ""seed"": ""0"", ""trainer.freeze_modules"": """", ""trainer.learning_rate.action_model"": ""0.0001"", ""trainer.learning_rate.qwen_vl_interface"": ""1e-05"", ""trainer.max_train_steps"": ""30000"", ""trainer.pretrained_checkpoint"": ""playground/Checkpoints/pretrain_R7/checkpoints/steps_100000_pytorch_model.pt"", ""trainer.reload_modules"": ""qwen_vl_interface""}"
bb-R7__robocasa_gr1__s1,R7,robocasa_gr1,1,1,planned,examples/simBenchmarks/Robocasa_tabletop/train_files/starvla_gr1.yaml,examples/simBenchmarks/Robocasa_tabletop/eval_files/run_eval.sh,16,success_rate,"{""datasets.vla_data.per_device_batch_size"": ""16"", ""framework.name"": ""QwenOFT"", ""run_id"": ""bb-R7__robocasa_gr1__s1"", ""run_root_dir"": ""playground/Checkpoints/backbone_bench"", ""seed"": ""1"", ""trainer.freeze_modules"": """", ""trainer.learning_rate.action_model"": ""0.0001"", ""trainer.learning_rate.qwen_vl_interface"": ""1e-05"", ""trainer.max_train_steps"": ""30000"", ""trainer.pretrained_checkpoint"": ""playground/Checkpoints/pretrain_R7/checkpoints/steps_100000_pytorch_model.pt"", ""trainer.reload_modules"": ""qwen_vl_interface""}"
bb-R7__robocasa_gr1__s2,R7,robocasa_gr1,1,2,planned,examples/simBenchmarks/Robocasa_tabletop/train_files/starvla_gr1.yaml,examples/simBenchmarks/Robocasa_tabletop/eval_files/run_eval.sh,16,success_rate,"{""datasets.vla_data.per_device_batch_size"": ""16"", ""framework.name"": ""QwenOFT"", ""run_id"": ""bb-R7__robocasa_gr1__s2"", ""run_root_dir"": ""playground/Checkpoints/backbone_bench"", ""seed"": ""2"", ""trainer.freeze_modules"": """", ""trainer.learning_rate.action_model"": ""0.0001"", ""trainer.learning_rate.qwen_vl_interface"": ""1e-05"", ""trainer.max_train_steps"": ""30000"", ""trainer.pretrained_checkpoint"": ""playground/Checkpoints/pretrain_R7/checkpoints/steps_100000_pytorch_model.pt"", ""trainer.reload_modules"": ""qwen_vl_interface""}"
bb-R8__robocasa_gr1_f010__s0,R8,robocasa_gr1,0.1,0,planned,examples/simBenchmarks/Robocasa_tabletop/train_files/starvla_gr1.yaml,examples/simBenchmarks/Robocasa_tabletop/eval_files/run_eval.sh,16,success_rate,"{""datasets.vla_data.data_fraction"": ""0.1"", ""datasets.vla_data.per_device_batch_size"": ""16"", ""framework.name"": ""QwenOFT"", ""run_id"": ""bb-R8__robocasa_gr1_f010__s0"", ""run_root_dir"": ""playground/Checkpoints/backbone_bench"", ""seed"": ""0"", ""trainer.freeze_modules"": """", ""trainer.learning_rate.action_model"": ""0.0001"", ""trainer.learning_rate.qwen_vl_interface"": ""1e-05"", ""trainer.max_train_steps"": ""30000"", ""trainer.pretrained_checkpoint"": ""playground/Checkpoints/pretrain_R8/checkpoints/steps_100000_pytorch_model.pt"", ""trainer.reload_modules"": ""qwen_vl_interface""}"
bb-R8__robocasa_gr1_f010__s1,R8,robocasa_gr1,0.1,1,planned,examples/simBenchmarks/Robocasa_tabletop/train_files/starvla_gr1.yaml,examples/simBenchmarks/Robocasa_tabletop/eval_files/run_eval.sh,16,success_rate,"{""datasets.vla_data.data_fraction"": ""0.1"", ""datasets.vla_data.per_device_batch_size"": ""16"", ""framework.name"": ""QwenOFT"", ""run_id"": ""bb-R8__robocasa_gr1_f010__s1"", ""run_root_dir"": ""playground/Checkpoints/backbone_bench"", ""seed"": ""1"", ""trainer.freeze_modules"": """", ""trainer.learning_rate.action_model"": ""0.0001"", ""trainer.learning_rate.qwen_vl_interface"": ""1e-05"", ""trainer.max_train_steps"": ""30000"", ""trainer.pretrained_checkpoint"": ""playground/Checkpoints/pretrain_R8/checkpoints/steps_100000_pytorch_model.pt"", ""trainer.reload_modules"": ""qwen_vl_interface""}"
bb-R8__robocasa_gr1_f010__s2,R8,robocasa_gr1,0.1,2,planned,examples/simBenchmarks/Robocasa_tabletop/train_files/starvla_gr1.yaml,examples/simBenchmarks/Robocasa_tabletop/eval_files/run_eval.sh,16,success_rate,"{""datasets.vla_data.data_fraction"": ""0.1"", ""datasets.vla_data.per_device_batch_size"": ""16"", ""framework.name"": ""QwenOFT"", ""run_id"": ""bb-R8__robocasa_gr1_f010__s2"", ""run_root_dir"": ""playground/Checkpoints/backbone_bench"", ""seed"": ""2"", ""trainer.freeze_modules"": """", ""trainer.learning_rate.action_model"": ""0.0001"", ""trainer.learning_rate.qwen_vl_interface"": ""1e-05"", ""trainer.max_train_steps"": ""30000"", ""trainer.pretrained_checkpoint"": ""playground/Checkpoints/pretrain_R8/checkpoints/steps_100000_pytorch_model.pt"", ""trainer.reload_modules"": ""qwen_vl_interface""}"
bb-R8__robocasa_gr1_f020__s0,R8,robocasa_gr1,0.2,0,planned,examples/simBenchmarks/Robocasa_tabletop/train_files/starvla_gr1.yaml,examples/simBenchmarks/Robocasa_tabletop/eval_files/run_eval.sh,16,success_rate,"{""datasets.vla_data.data_fraction"": ""0.2"", ""datasets.vla_data.per_device_batch_size"": ""16"", ""framework.name"": ""QwenOFT"", ""run_id"": ""bb-R8__robocasa_gr1_f020__s0"", ""run_root_dir"": ""playground/Checkpoints/backbone_bench"", ""seed"": ""0"", ""trainer.freeze_modules"": """", ""trainer.learning_rate.action_model"": ""0.0001"", ""trainer.learning_rate.qwen_vl_interface"": ""1e-05"", ""trainer.max_train_steps"": ""30000"", ""trainer.pretrained_checkpoint"": ""playground/Checkpoints/pretrain_R8/checkpoints/steps_100000_pytorch_model.pt"", ""trainer.reload_modules"": ""qwen_vl_interface""}"
bb-R8__robocasa_gr1_f020__s1,R8,robocasa_gr1,0.2,1,planned,examples/simBenchmarks/Robocasa_tabletop/train_files/starvla_gr1.yaml,examples/simBenchmarks/Robocasa_tabletop/eval_files/run_eval.sh,16,success_rate,"{""datasets.vla_data.data_fraction"": ""0.2"", ""datasets.vla_data.per_device_batch_size"": ""16"", ""framework.name"": ""QwenOFT"", ""run_id"": ""bb-R8__robocasa_gr1_f020__s1"", ""run_root_dir"": ""playground/Checkpoints/backbone_bench"", ""seed"": ""1"", ""trainer.freeze_modules"": """", ""trainer.learning_rate.action_model"": ""0.0001"", ""trainer.learning_rate.qwen_vl_interface"": ""1e-05"", ""trainer.max_train_steps"": ""30000"", ""trainer.pretrained_checkpoint"": ""playground/Checkpoints/pretrain_R8/checkpoints/steps_100000_pytorch_model.pt"", ""trainer.reload_modules"": ""qwen_vl_interface""}"
bb-R8__robocasa_gr1_f020__s2,R8,robocasa_gr1,0.2,2,planned,examples/simBenchmarks/Robocasa_tabletop/train_files/starvla_gr1.yaml,examples/simBenchmarks/Robocasa_tabletop/eval_files/run_eval.sh,16,success_rate,"{""datasets.vla_data.data_fraction"": ""0.2"", ""datasets.vla_data.per_device_batch_size"": ""16"", ""framework.name"": ""QwenOFT"", ""run_id"": ""bb-R8__robocasa_gr1_f020__s2"", ""run_root_dir"": ""playground/Checkpoints/backbone_bench"", ""seed"": ""2"", ""trainer.freeze_modules"": """", ""trainer.learning_rate.action_model"": ""0.0001"", ""trainer.learning_rate.qwen_vl_interface"": ""1e-05"", ""trainer.max_train_steps"": ""30000"", ""trainer.pretrained_checkpoint"": ""playground/Checkpoints/pretrain_R8/checkpoints/steps_100000_pytorch_model.pt"", ""trainer.reload_modules"": ""qwen_vl_interface""}"
bb-R8__robocasa_gr1_f050__s0,R8,robocasa_gr1,0.5,0,planned,examples/simBenchmarks/Robocasa_tabletop/train_files/starvla_gr1.yaml,examples/simBenchmarks/Robocasa_tabletop/eval_files/run_eval.sh,16,success_rate,"{""datasets.vla_data.data_fraction"": ""0.5"", ""datasets.vla_data.per_device_batch_size"": ""16"", ""framework.name"": ""QwenOFT"", ""run_id"": ""bb-R8__robocasa_gr1_f050__s0"", ""run_root_dir"": ""playground/Checkpoints/backbone_bench"", ""seed"": ""0"", ""trainer.freeze_modules"": """", ""trainer.learning_rate.action_model"": ""0.0001"", ""trainer.learning_rate.qwen_vl_interface"": ""1e-05"", ""trainer.max_train_steps"": ""30000"", ""trainer.pretrained_checkpoint"": ""playground/Checkpoints/pretrain_R8/checkpoints/steps_100000_pytorch_model.pt"", ""trainer.reload_modules"": ""qwen_vl_interface""}"
bb-R8__robocasa_gr1_f050__s1,R8,robocasa_gr1,0.5,1,planned,examples/simBenchmarks/Robocasa_tabletop/train_files/starvla_gr1.yaml,examples/simBenchmarks/Robocasa_tabletop/eval_files/run_eval.sh,16,success_rate,"{""datasets.vla_data.data_fraction"": ""0.5"", ""datasets.vla_data.per_device_batch_size"": ""16"", ""framework.name"": ""QwenOFT"", ""run_id"": ""bb-R8__robocasa_gr1_f050__s1"", ""run_root_dir"": ""playground/Checkpoints/backbone_bench"", ""seed"": ""1"", ""trainer.freeze_modules"": """", ""trainer.learning_rate.action_model"": ""0.0001"", ""trainer.learning_rate.qwen_vl_interface"": ""1e-05"", ""trainer.max_train_steps"": ""30000"", ""trainer.pretrained_checkpoint"": ""playground/Checkpoints/pretrain_R8/checkpoints/steps_100000_pytorch_model.pt"", ""trainer.reload_modules"": ""qwen_vl_interface""}"
bb-R8__robocasa_gr1_f050__s2,R8,robocasa_gr1,0.5,2,planned,examples/simBenchmarks/Robocasa_tabletop/train_files/starvla_gr1.yaml,examples/simBenchmarks/Robocasa_tabletop/eval_files/run_eval.sh,16,success_rate,"{""datasets.vla_data.data_fraction"": ""0.5"", ""datasets.vla_data.per_device_batch_size"": ""16"", ""framework.name"": ""QwenOFT"", ""run_id"": ""bb-R8__robocasa_gr1_f050__s2"", ""run_root_dir"": ""playground/Checkpoints/backbone_bench"", ""seed"": ""2"", ""trainer.freeze_modules"": """", ""trainer.learning_rate.action_model"": ""0.0001"", ""trainer.learning_rate.qwen_vl_interface"": ""1e-05"", ""trainer.max_train_steps"": ""30000"", ""trainer.pretrained_checkpoint"": ""playground/Checkpoints/pretrain_R8/checkpoints/steps_100000_pytorch_model.pt"", ""trainer.reload_modules"": ""qwen_vl_interface""}"
bb-R8__robocasa_gr1__s0,R8,robocasa_gr1,1,0,planned,examples/simBenchmarks/Robocasa_tabletop/train_files/starvla_gr1.yaml,examples/simBenchmarks/Robocasa_tabletop/eval_files/run_eval.sh,16,success_rate,"{""datasets.vla_data.per_device_batch_size"": ""16"", ""framework.name"": ""QwenOFT"", ""run_id"": ""bb-R8__robocasa_gr1__s0"", ""run_root_dir"": ""playground/Checkpoints/backbone_bench"", ""seed"": ""0"", ""trainer.freeze_modules"": """", ""trainer.learning_rate.action_model"": ""0.0001"", ""trainer.learning_rate.qwen_vl_interface"": ""1e-05"", ""trainer.max_train_steps"": ""30000"", ""trainer.pretrained_checkpoint"": ""playground/Checkpoints/pretrain_R8/checkpoints/steps_100000_pytorch_model.pt"", ""trainer.reload_modules"": ""qwen_vl_interface""}"
bb-R8__robocasa_gr1__s1,R8,robocasa_gr1,1,1,planned,examples/simBenchmarks/Robocasa_tabletop/train_files/starvla_gr1.yaml,examples/simBenchmarks/Robocasa_tabletop/eval_files/run_eval.sh,16,success_rate,"{""datasets.vla_data.per_device_batch_size"": ""16"", ""framework.name"": ""QwenOFT"", ""run_id"": ""bb-R8__robocasa_gr1__s1"", ""run_root_dir"": ""playground/Checkpoints/backbone_bench"", ""seed"": ""1"", ""trainer.freeze_modules"": """", ""trainer.learning_rate.action_model"": ""0.0001"", ""trainer.learning_rate.qwen_vl_interface"": ""1e-05"", ""trainer.max_train_steps"": ""30000"", ""trainer.pretrained_checkpoint"": ""playground/Checkpoints/pretrain_R8/checkpoints/steps_100000_pytorch_model.pt"", ""trainer.reload_modules"": ""qwen_vl_interface""}"
bb-R8__robocasa_gr1__s2,R8,robocasa_gr1,1,2,planned,examples/simBenchmarks/Robocasa_tabletop/train_files/starvla_gr1.yaml,examples/simBenchmarks/Robocasa_tabletop/eval_files/run_eval.sh,16,success_rate,"{""datasets.vla_data.per_device_batch_size"": ""16"", ""framework.name"": ""QwenOFT"", ""run_id"": ""bb-R8__robocasa_gr1__s2"", ""run_root_dir"": ""playground/Checkpoints/backbone_bench"", ""seed"": ""2"", ""trainer.freeze_modules"": """", ""trainer.learning_rate.action_model"": ""0.0001"", ""trainer.learning_rate.qwen_vl_interface"": ""1e-05"", ""trainer.max_train_steps"": ""30000"", ""trainer.pretrained_checkpoint"": ""playground/Checkpoints/pretrain_R8/checkpoints/steps_100000_pytorch_model.pt"", ""trainer.reload_modules"": ""qwen_vl_interface""}"
